date,holiday_val_factor,weekday_factor,month_factor,lock_down_factor,covid_severity,sunlight_time_minutes,production_capacity_rate,price_of_electricity,usdtry
2017-01-01,1.0,7.0,1.0,0.0,0.0,558,77.0,20.5219,3.5277
2017-01-02,0.0,1.0,1.0,0.0,0.0,558,77.0,20.5219,3.5445
2017-01-03,0.0,2.0,1.0,0.0,0.0,559,77.0,20.5219,3.5943
2017-01-04,0.0,3.0,1.0,0.0,0.0,560,77.0,20.5219,3.5713
2017-01-05,0.0,4.0,1.0,0.0,0.0,561,77.0,20.5219,3.5927
2017-01-06,0.0,5.0,1.0,0.0,0.0,562,77.0,20.5219,3.6445
2017-01-07,0.0,6.0,1.0,0.0,0.0,563,77.0,20.5219,3.6445
2017-01-08,0.0,7.0,1.0,0.0,0.0,564,77.0,20.5219,3.6445
2017-01-09,0.0,1.0,1.0,0.0,0.0,565,77.0,20.5219,3.7129
2017-01-10,0.0,2.0,1.0,0.0,0.0,567,77.0,20.5219,3.7885
2017-01-11,0.0,3.0,1.0,0.0,0.0,568,77.0,20.5219,3.8647
2017-01-12,0.0,4.0,1.0,0.0,0.0,569,77.0,20.5219,3.7597
2017-01-13,0.0,5.0,1.0,0.0,0.0,570,77.0,20.5219,3.7230000000000003
2017-01-14,0.0,6.0,1.0,0.0,0.0,573,77.0,20.5219,3.7230000000000003
2017-01-15,0.0,7.0,1.0,0.0,0.0,574,77.0,20.5219,3.7230000000000003
2017-01-16,0.0,1.0,1.0,0.0,0.0,576,77.0,20.5219,3.8042
2017-01-17,0.0,2.0,1.0,0.0,0.0,577,77.0,20.5219,3.761
2017-01-18,0.0,3.0,1.0,0.0,0.0,579,77.0,20.5219,3.7966
2017-01-19,0.0,4.0,1.0,0.0,0.0,580,77.0,20.5219,3.8273
2017-01-20,0.0,5.0,1.0,0.0,0.0,582,77.0,20.5219,3.7655
2017-01-21,0.0,6.0,1.0,0.0,0.0,584,77.0,20.5219,3.7655
2017-01-22,0.0,7.0,1.0,0.0,0.0,586,77.0,20.5219,3.7655
2017-01-23,0.0,1.0,1.0,0.0,0.0,588,77.0,20.5219,3.7573
2017-01-24,0.0,2.0,1.0,0.0,0.0,589,77.0,20.5219,3.7833
2017-01-25,0.0,3.0,1.0,0.0,0.0,591,77.0,20.5219,3.8313
2017-01-26,0.0,4.0,1.0,0.0,0.0,594,77.0,20.5219,3.844
2017-01-27,0.0,5.0,1.0,0.0,0.0,596,77.0,20.5219,3.8775
2017-01-28,0.0,6.0,1.0,0.0,0.0,598,77.0,20.5219,3.8775
2017-01-29,0.0,7.0,1.0,0.0,0.0,599,77.0,20.5219,3.8775
2017-01-30,0.0,1.0,1.0,0.0,0.0,602,77.0,20.5219,3.7818
2017-01-31,0.0,2.0,1.0,0.0,0.0,604,77.0,20.5219,3.7734
2017-02-01,0.0,3.0,2.0,0.0,0.0,606,76.8,20.5219,3.7705
2017-02-02,0.0,4.0,2.0,0.0,0.0,608,76.8,20.5219,3.7371
2017-02-03,0.0,5.0,2.0,0.0,0.0,611,76.8,20.5219,3.6976
2017-02-04,0.0,6.0,2.0,0.0,0.0,613,76.8,20.5219,3.6976
2017-02-05,0.0,7.0,2.0,0.0,0.0,615,76.8,20.5219,3.6976
2017-02-06,0.0,1.0,2.0,0.0,0.0,617,76.8,20.5219,3.6839
2017-02-07,0.0,2.0,2.0,0.0,0.0,621,76.8,20.5219,3.7451
2017-02-08,0.0,3.0,2.0,0.0,0.0,623,76.8,20.5219,3.7178
2017-02-09,0.0,4.0,2.0,0.0,0.0,625,76.8,20.5219,3.6831
2017-02-10,0.0,5.0,2.0,0.0,0.0,627,76.8,20.5219,3.6953
2017-02-11,0.0,6.0,2.0,0.0,0.0,630,76.8,20.5219,3.6953
2017-02-12,0.0,7.0,2.0,0.0,0.0,633,76.8,20.5219,3.6953
2017-02-13,0.0,1.0,2.0,0.0,0.0,635,76.8,20.5219,3.6717
2017-02-14,0.0,2.0,2.0,0.0,0.0,637,76.8,20.5219,3.6503
2017-02-15,0.0,3.0,2.0,0.0,0.0,639,76.8,20.5219,3.6601
2017-02-16,0.0,4.0,2.0,0.0,0.0,643,76.8,20.5219,3.6666
2017-02-17,0.0,5.0,2.0,0.0,0.0,645,76.8,20.5219,3.6289999999999996
2017-02-18,0.0,6.0,2.0,0.0,0.0,648,76.8,20.5219,3.6289999999999996
2017-02-19,0.0,7.0,2.0,0.0,0.0,650,76.8,20.5219,3.6289999999999996
2017-02-20,0.0,1.0,2.0,0.0,0.0,653,76.8,20.5219,3.6245
2017-02-21,0.0,2.0,2.0,0.0,0.0,656,76.8,20.5219,3.6203
2017-02-22,0.0,3.0,2.0,0.0,0.0,658,76.8,20.5219,3.5802
2017-02-23,0.0,4.0,2.0,0.0,0.0,661,76.8,20.5219,3.5691
2017-02-24,0.0,5.0,2.0,0.0,0.0,663,76.8,20.5219,3.6069999999999998
2017-02-25,0.0,6.0,2.0,0.0,0.0,666,76.8,20.5219,3.6069999999999998
2017-02-26,0.0,7.0,2.0,0.0,0.0,669,76.8,20.5219,3.6069999999999998
2017-02-27,0.0,1.0,2.0,0.0,0.0,672,76.8,20.5219,3.6072
2017-02-28,0.0,2.0,2.0,0.0,0.0,674,76.8,20.5219,3.6472
2017-03-01,0.0,3.0,3.0,0.0,0.0,677,76.7,20.5219,3.6543
2017-03-02,0.0,4.0,3.0,0.0,0.0,679,76.7,20.5219,3.728
2017-03-03,0.0,5.0,3.0,0.0,0.0,682,76.7,20.5219,3.7029
2017-03-04,0.0,6.0,3.0,0.0,0.0,685,76.7,20.5219,3.7029
2017-03-05,0.0,7.0,3.0,0.0,0.0,688,76.7,20.5219,3.7029
2017-03-06,0.0,1.0,3.0,0.0,0.0,690,76.7,20.5219,3.7132
2017-03-07,0.0,2.0,3.0,0.0,0.0,693,76.7,20.5219,3.6807
2017-03-08,0.0,3.0,3.0,0.0,0.0,696,76.7,20.5219,3.7467
2017-03-09,0.0,4.0,3.0,0.0,0.0,698,76.7,20.5219,3.7747
2017-03-10,0.0,5.0,3.0,0.0,0.0,701,76.7,20.5219,3.7299
2017-03-11,0.0,6.0,3.0,0.0,0.0,704,76.7,20.5219,3.7299
2017-03-12,0.0,7.0,3.0,0.0,0.0,706,76.7,20.5219,3.7299
2017-03-13,0.0,1.0,3.0,0.0,0.0,710,76.7,20.5219,3.7418
2017-03-14,0.0,2.0,3.0,0.0,0.0,712,76.7,20.5219,3.7426
2017-03-15,0.0,3.0,3.0,0.0,0.0,715,76.7,20.5219,3.6754
2017-03-16,0.0,4.0,3.0,0.0,0.0,718,76.7,20.5219,3.6256
2017-03-17,0.0,5.0,3.0,0.0,0.0,720,76.7,20.5219,3.6344
2017-03-18,0.0,6.0,3.0,0.0,0.0,723,76.7,20.5219,3.6344
2017-03-19,0.0,7.0,3.0,0.0,0.0,726,76.7,20.5219,3.6344
2017-03-20,0.0,1.0,3.0,0.0,0.0,728,76.7,20.5219,3.616
2017-03-21,0.0,2.0,3.0,0.0,0.0,731,76.7,20.5219,3.6329
2017-03-22,0.0,3.0,3.0,0.0,0.0,734,76.7,20.5219,3.6184
2017-03-23,0.0,4.0,3.0,0.0,0.0,736,76.7,20.5219,3.6348
2017-03-24,0.0,5.0,3.0,0.0,0.0,739,76.7,20.5219,3.6108
2017-03-25,0.0,6.0,3.0,0.0,0.0,743,76.7,20.5219,3.6108
2017-03-26,0.0,7.0,3.0,0.0,0.0,745,76.7,20.5219,3.6108
2017-03-27,0.0,1.0,3.0,0.0,0.0,748,76.7,20.5219,3.6166
2017-03-28,0.0,2.0,3.0,0.0,0.0,751,76.7,20.5219,3.6582
2017-03-29,0.0,3.0,3.0,0.0,0.0,754,76.7,20.5219,3.6459
2017-03-30,0.0,4.0,3.0,0.0,0.0,756,76.7,20.5219,3.6519999999999997
2017-03-31,0.0,5.0,3.0,0.0,0.0,759,76.7,20.5219,3.6352
2017-04-01,0.0,6.0,4.0,0.0,0.0,761,78.4,20.5219,3.6352
2017-04-02,0.0,7.0,4.0,0.0,0.0,764,78.4,20.5219,3.6352
2017-04-03,0.0,1.0,4.0,0.0,0.0,767,78.4,20.5219,3.6449
2017-04-04,0.0,2.0,4.0,0.0,0.0,769,78.4,20.5219,3.679
2017-04-05,0.0,3.0,4.0,0.0,0.0,772,78.4,20.5219,3.6991
2017-04-06,0.0,4.0,4.0,0.0,0.0,775,78.4,20.5219,3.7111
2017-04-07,0.0,5.0,4.0,0.0,0.0,777,78.4,20.5219,3.7299
2017-04-08,0.0,6.0,4.0,0.0,0.0,780,78.4,20.5219,3.7299
2017-04-09,0.0,7.0,4.0,0.0,0.0,783,78.4,20.5219,3.7299
2017-04-10,0.0,1.0,4.0,0.0,0.0,786,78.4,20.5219,3.7294
2017-04-11,0.0,2.0,4.0,0.0,0.0,789,78.4,20.5219,3.6972
2017-04-12,0.0,3.0,4.0,0.0,0.0,791,78.4,20.5219,3.6492
2017-04-13,0.0,4.0,4.0,0.0,0.0,794,78.4,20.5219,3.6633
2017-04-14,0.0,5.0,4.0,0.0,0.0,796,78.4,20.5219,3.7327
2017-04-15,0.0,6.0,4.0,0.0,0.0,799,78.4,20.5219,3.7327
2017-04-16,0.0,7.0,4.0,0.0,0.0,802,78.4,20.5219,3.7327
2017-04-17,0.0,1.0,4.0,0.0,0.0,804,78.4,20.5219,3.7011
2017-04-18,0.0,2.0,4.0,0.0,0.0,807,78.4,20.5219,3.6608
2017-04-19,0.0,3.0,4.0,0.0,0.0,809,78.4,20.5219,3.673
2017-04-20,0.0,4.0,4.0,0.0,0.0,812,78.4,20.5219,3.6415
2017-04-21,0.0,5.0,4.0,0.0,0.0,814,78.4,20.5219,3.6401
2017-04-22,0.0,6.0,4.0,0.0,0.0,816,78.4,20.5219,3.6401
2017-04-23,2.0,7.0,4.0,0.0,0.0,819,78.4,20.5219,3.6401
2017-04-24,0.0,1.0,4.0,0.0,0.0,821,78.4,20.5219,3.573
2017-04-25,0.0,2.0,4.0,0.0,0.0,824,78.4,20.5219,3.5797
2017-04-26,0.0,3.0,4.0,0.0,0.0,827,78.4,20.5219,3.5783
2017-04-27,0.0,4.0,4.0,0.0,0.0,830,78.4,20.5219,3.5612
2017-04-28,0.0,5.0,4.0,0.0,0.0,832,78.4,20.5219,3.5516
2017-04-29,0.0,6.0,4.0,0.0,0.0,834,78.4,20.5219,3.5516
2017-04-30,0.0,7.0,4.0,0.0,0.0,837,78.4,20.5219,3.5516
2017-05-01,2.0,1.0,5.0,0.0,0.0,839,78.8,20.5219,3.5545
2017-05-02,0.0,2.0,5.0,0.0,0.0,841,78.8,20.5219,3.5273
2017-05-03,0.0,3.0,5.0,0.0,0.0,843,78.8,20.5219,3.5349
2017-05-04,0.0,4.0,5.0,0.0,0.0,846,78.8,20.5219,3.554
2017-05-05,0.0,5.0,5.0,0.0,0.0,848,78.8,20.5219,3.5441
2017-05-06,0.0,6.0,5.0,0.0,0.0,850,78.8,20.5219,3.5441
2017-05-07,0.0,7.0,5.0,0.0,0.0,852,78.8,20.5219,3.5441
2017-05-08,0.0,1.0,5.0,0.0,0.0,854,78.8,20.5219,3.5851
2017-05-09,0.0,2.0,5.0,0.0,0.0,857,78.8,20.5219,3.6239
2017-05-10,0.0,3.0,5.0,0.0,0.0,859,78.8,20.5219,3.5874
2017-05-11,0.0,4.0,5.0,0.0,0.0,861,78.8,20.5219,3.5758
2017-05-12,0.0,5.0,5.0,0.0,0.0,863,78.8,20.5219,3.5731
2017-05-13,0.0,6.0,5.0,0.0,0.0,865,78.8,20.5219,3.5731
2017-05-14,0.0,7.0,5.0,0.0,0.0,867,78.8,20.5219,3.5731
2017-05-15,0.0,1.0,5.0,0.0,0.0,869,78.8,20.5219,3.5483
2017-05-16,0.0,2.0,5.0,0.0,0.0,871,78.8,20.5219,3.5392
2017-05-17,0.0,3.0,5.0,0.0,0.0,873,78.8,20.5219,3.5681
2017-05-18,0.0,4.0,5.0,0.0,0.0,875,78.8,20.5219,3.6251
2017-05-19,2.0,5.0,5.0,0.0,0.0,876,78.8,20.5219,3.5753
2017-05-20,0.0,6.0,5.0,0.0,0.0,878,78.8,20.5219,3.5753
2017-05-21,0.0,7.0,5.0,0.0,0.0,880,78.8,20.5219,3.5753
2017-05-22,0.0,1.0,5.0,0.0,0.0,882,78.8,20.5219,3.5593
2017-05-23,0.0,2.0,5.0,0.0,0.0,884,78.8,20.5219,3.5704
2017-05-24,0.0,3.0,5.0,0.0,0.0,885,78.8,20.5219,3.5604
2017-05-25,0.0,4.0,5.0,0.0,0.0,886,78.8,20.5219,3.5667
2017-05-26,0.0,5.0,5.0,0.0,0.0,888,78.8,20.5219,3.5777
2017-05-27,0.0,6.0,5.0,0.0,0.0,889,78.8,20.5219,3.5777
2017-05-28,0.0,7.0,5.0,0.0,0.0,891,78.8,20.5219,3.5777
2017-05-29,0.0,1.0,5.0,0.0,0.0,892,78.8,20.5219,3.5772
2017-05-30,0.0,2.0,5.0,0.0,0.0,893,78.8,20.5219,3.5491
2017-05-31,0.0,3.0,5.0,0.0,0.0,894,78.8,20.5219,3.5269999999999997
2017-06-01,0.0,4.0,6.0,0.0,0.0,896,79.0,20.5219,3.5246
2017-06-02,0.0,5.0,6.0,0.0,0.0,897,79.0,20.5219,3.5098
2017-06-03,0.0,6.0,6.0,0.0,0.0,898,79.0,20.5219,3.5098
2017-06-04,0.0,7.0,6.0,0.0,0.0,899,79.0,20.5219,3.5098
2017-06-05,0.0,1.0,6.0,0.0,0.0,900,79.0,20.5219,3.5237
2017-06-06,0.0,2.0,6.0,0.0,0.0,901,79.0,20.5219,3.5151
2017-06-07,0.0,3.0,6.0,0.0,0.0,902,79.0,20.5219,3.5503
2017-06-08,0.0,4.0,6.0,0.0,0.0,903,79.0,20.5219,3.5244
2017-06-09,0.0,5.0,6.0,0.0,0.0,903,79.0,20.5219,3.5373
2017-06-10,0.0,6.0,6.0,0.0,0.0,904,79.0,20.5219,3.5373
2017-06-11,0.0,7.0,6.0,0.0,0.0,905,79.0,20.5219,3.5373
2017-06-12,0.0,1.0,6.0,0.0,0.0,906,79.0,20.5219,3.5164
2017-06-13,0.0,2.0,6.0,0.0,0.0,906,79.0,20.5219,3.5198
2017-06-14,0.0,3.0,6.0,0.0,0.0,907,79.0,20.5219,3.4878
2017-06-15,0.0,4.0,6.0,0.0,0.0,907,79.0,20.5219,3.513
2017-06-16,0.0,5.0,6.0,0.0,0.0,907,79.0,20.5219,3.5027
2017-06-17,0.0,6.0,6.0,0.0,0.0,908,79.0,20.5219,3.5027
2017-06-18,0.0,7.0,6.0,0.0,0.0,907,79.0,20.5219,3.5027
2017-06-19,0.0,1.0,6.0,0.0,0.0,907,79.0,20.5219,3.5228
2017-06-20,0.0,2.0,6.0,0.0,0.0,908,79.0,20.5219,3.5444
2017-06-21,0.0,3.0,6.0,0.0,0.0,908,79.0,20.5219,3.531
2017-06-22,0.0,4.0,6.0,0.0,0.0,908,79.0,20.5219,3.5077
2017-06-23,8.0,5.0,6.0,0.0,0.0,907,79.0,20.5219,3.5088
2017-06-24,6.0,6.0,6.0,0.0,0.0,907,79.0,20.5219,3.5088
2017-06-25,5.0,7.0,6.0,0.0,0.0,907,79.0,20.5219,3.5088
2017-06-26,5.0,1.0,6.0,0.0,0.0,906,79.0,20.5219,3.5008
2017-06-27,5.0,2.0,6.0,0.0,0.0,906,79.0,20.5219,3.5263
2017-06-28,8.0,3.0,6.0,0.0,0.0,906,79.0,20.5219,3.5128
2017-06-29,8.0,4.0,6.0,0.0,0.0,905,79.0,20.5219,3.5265
2017-06-30,8.0,5.0,6.0,0.0,0.0,905,79.0,20.5219,3.5212
2017-07-01,8.0,6.0,7.0,0.0,0.0,904,78.7,20.5219,3.5212
2017-07-02,0.0,7.0,7.0,0.0,0.0,904,78.7,20.5219,3.5212
2017-07-03,0.0,1.0,7.0,0.0,0.0,903,78.7,20.5219,3.5571
2017-07-04,0.0,2.0,7.0,0.0,0.0,903,78.7,20.5219,3.5594
2017-07-05,0.0,3.0,7.0,0.0,0.0,901,78.7,20.5219,3.6062
2017-07-06,0.0,4.0,7.0,0.0,0.0,900,78.7,20.5219,3.6212
2017-07-07,0.0,5.0,7.0,0.0,0.0,900,78.7,20.5219,3.6182
2017-07-08,0.0,6.0,7.0,0.0,0.0,898,78.7,20.5219,3.6182
2017-07-09,0.0,7.0,7.0,0.0,0.0,898,78.7,20.5219,3.6182
2017-07-10,0.0,1.0,7.0,0.0,0.0,897,78.7,20.5219,3.6083
2017-07-11,0.0,2.0,7.0,0.0,0.0,895,78.7,20.5219,3.6139
2017-07-12,0.0,3.0,7.0,0.0,0.0,894,78.7,20.5219,3.5672
2017-07-13,0.0,4.0,7.0,0.0,0.0,893,78.7,20.5219,3.5657
2017-07-14,0.0,5.0,7.0,0.0,0.0,892,78.7,20.5219,3.5381
2017-07-15,2.0,6.0,7.0,0.0,0.0,890,78.7,20.5219,3.5381
2017-07-16,0.0,7.0,7.0,0.0,0.0,888,78.7,20.5219,3.5381
2017-07-17,0.0,1.0,7.0,0.0,0.0,887,78.7,20.5219,3.5284
2017-07-18,0.0,2.0,7.0,0.0,0.0,886,78.7,20.5219,3.5231
2017-07-19,0.0,3.0,7.0,0.0,0.0,884,78.7,20.5219,3.522
2017-07-20,0.0,4.0,7.0,0.0,0.0,883,78.7,20.5219,3.5264
2017-07-21,0.0,5.0,7.0,0.0,0.0,881,78.7,20.5219,3.5364
2017-07-22,0.0,6.0,7.0,0.0,0.0,879,78.7,20.5219,3.5364
2017-07-23,0.0,7.0,7.0,0.0,0.0,877,78.7,20.5219,3.5364
2017-07-24,0.0,1.0,7.0,0.0,0.0,875,78.7,20.5219,3.5567
2017-07-25,0.0,2.0,7.0,0.0,0.0,874,78.7,20.5219,3.5724
2017-07-26,0.0,3.0,7.0,0.0,0.0,872,78.7,20.5219,3.5385
2017-07-27,0.0,4.0,7.0,0.0,0.0,870,78.7,20.5219,3.5363
2017-07-28,0.0,5.0,7.0,0.0,0.0,868,78.7,20.5219,3.5279
2017-07-29,0.0,6.0,7.0,0.0,0.0,866,78.7,20.5219,3.5279
2017-07-30,0.0,7.0,7.0,0.0,0.0,864,78.7,20.5219,3.5279
2017-07-31,0.0,1.0,7.0,0.0,0.0,862,78.7,20.5219,3.5193
2017-08-01,0.0,2.0,8.0,0.0,0.0,860,78.8,20.5219,3.5271
2017-08-02,0.0,3.0,8.0,0.0,0.0,858,78.8,20.5219,3.5305
2017-08-03,0.0,4.0,8.0,0.0,0.0,856,78.8,20.5219,3.5396
2017-08-04,0.0,5.0,8.0,0.0,0.0,854,78.8,20.5219,3.528
2017-08-05,0.0,6.0,8.0,0.0,0.0,852,78.8,20.5219,3.528
2017-08-06,0.0,7.0,8.0,0.0,0.0,849,78.8,20.5219,3.528
2017-08-07,0.0,1.0,8.0,0.0,0.0,847,78.8,20.5219,3.5291
2017-08-08,0.0,2.0,8.0,0.0,0.0,845,78.8,20.5219,3.5338
2017-08-09,0.0,3.0,8.0,0.0,0.0,843,78.8,20.5219,3.5376
2017-08-10,0.0,4.0,8.0,0.0,0.0,840,78.8,20.5219,3.5418
2017-08-11,0.0,5.0,8.0,0.0,0.0,838,78.8,20.5219,3.5369
2017-08-12,0.0,6.0,8.0,0.0,0.0,836,78.8,20.5219,3.5369
2017-08-13,0.0,7.0,8.0,0.0,0.0,833,78.8,20.5219,3.5369
2017-08-14,0.0,1.0,8.0,0.0,0.0,831,78.8,20.5219,3.5257
2017-08-15,0.0,2.0,8.0,0.0,0.0,829,78.8,20.5219,3.5352
2017-08-16,0.0,3.0,8.0,0.0,0.0,826,78.8,20.5219,3.5156
2017-08-17,0.0,4.0,8.0,0.0,0.0,824,78.8,20.5219,3.5254
2017-08-18,0.0,5.0,8.0,0.0,0.0,821,78.8,20.5219,3.5185
2017-08-19,0.0,6.0,8.0,0.0,0.0,819,78.8,20.5219,3.5185
2017-08-20,0.0,7.0,8.0,0.0,0.0,816,78.8,20.5219,3.5185
2017-08-21,0.0,1.0,8.0,0.0,0.0,814,78.8,20.5219,3.497
2017-08-22,0.0,2.0,8.0,0.0,0.0,811,78.8,20.5219,3.4944
2017-08-23,0.0,3.0,8.0,0.0,0.0,809,78.8,20.5219,3.4787
2017-08-24,0.0,4.0,8.0,0.0,0.0,806,78.8,20.5219,3.4838
2017-08-25,0.0,5.0,8.0,0.0,0.0,804,78.8,20.5219,3.4389
2017-08-26,0.0,6.0,8.0,0.0,0.0,801,78.8,20.5219,3.4389
2017-08-27,0.0,7.0,8.0,0.0,0.0,799,78.8,20.5219,3.4389
2017-08-28,0.0,1.0,8.0,0.0,0.0,796,78.8,20.5219,3.4441
2017-08-29,8.0,2.0,8.0,0.0,0.0,794,78.8,20.5219,3.4465
2017-08-30,2.0,3.0,8.0,0.0,0.0,791,78.8,20.5219,3.4517
2017-08-31,4.0,4.0,8.0,0.0,0.0,788,78.8,20.5219,3.4527
2017-09-01,3.0,5.0,9.0,0.0,0.0,786,79.0,20.5219,3.4284
2017-09-02,3.0,6.0,9.0,0.0,0.0,783,79.0,20.5219,3.4284
2017-09-03,3.0,7.0,9.0,0.0,0.0,780,79.0,20.5219,3.4284
2017-09-04,3.0,1.0,9.0,0.0,0.0,778,79.0,20.5219,3.4348
2017-09-05,0.0,2.0,9.0,0.0,0.0,775,79.0,20.5219,3.4375
2017-09-06,0.0,3.0,9.0,0.0,0.0,772,79.0,20.5219,3.4257
2017-09-07,0.0,4.0,9.0,0.0,0.0,770,79.0,20.5219,3.4045
2017-09-08,0.0,5.0,9.0,0.0,0.0,767,79.0,20.5219,3.4117
2017-09-09,0.0,6.0,9.0,0.0,0.0,764,79.0,20.5219,3.4117
2017-09-10,0.0,7.0,9.0,0.0,0.0,762,79.0,20.5219,3.4117
2017-09-11,0.0,1.0,9.0,0.0,0.0,759,79.0,20.5219,3.406
2017-09-12,0.0,2.0,9.0,0.0,0.0,756,79.0,20.5219,3.4331
2017-09-13,0.0,3.0,9.0,0.0,0.0,754,79.0,20.5219,3.4579
2017-09-14,0.0,4.0,9.0,0.0,0.0,751,79.0,20.5219,3.4331
2017-09-15,0.0,5.0,9.0,0.0,0.0,748,79.0,20.5219,3.4376
2017-09-16,0.0,6.0,9.0,0.0,0.0,746,79.0,20.5219,3.4376
2017-09-17,0.0,7.0,9.0,0.0,0.0,743,79.0,20.5219,3.4376
2017-09-18,0.0,1.0,9.0,0.0,0.0,740,79.0,20.5219,3.4895
2017-09-19,0.0,2.0,9.0,0.0,0.0,737,79.0,20.5219,3.4887
2017-09-20,0.0,3.0,9.0,0.0,0.0,735,79.0,20.5219,3.503
2017-09-21,0.0,4.0,9.0,0.0,0.0,732,79.0,20.5219,3.5023
2017-09-22,0.0,5.0,9.0,0.0,0.0,729,79.0,20.5219,3.4962
2017-09-23,0.0,6.0,9.0,0.0,0.0,727,79.0,20.5219,3.4962
2017-09-24,0.0,7.0,9.0,0.0,0.0,724,79.0,20.5219,3.4962
2017-09-25,0.0,1.0,9.0,0.0,0.0,721,79.0,20.5219,3.5494
2017-09-26,0.0,2.0,9.0,0.0,0.0,718,79.0,20.5219,3.5424
2017-09-27,0.0,3.0,9.0,0.0,0.0,716,79.0,20.5219,3.5774
2017-09-28,0.0,4.0,9.0,0.0,0.0,713,79.0,20.5219,3.5603
2017-09-29,0.0,5.0,9.0,0.0,0.0,710,79.0,20.5219,3.5637
2017-09-30,0.0,6.0,9.0,0.0,0.0,708,79.0,20.5219,3.5637
2017-10-01,0.0,7.0,10.0,0.0,0.0,705,79.7,20.5219,3.5637
2017-10-02,0.0,1.0,10.0,0.0,0.0,702,79.7,20.5219,3.5635
2017-10-03,0.0,2.0,10.0,0.0,0.0,700,79.7,20.5219,3.5718
2017-10-04,0.0,3.0,10.0,0.0,0.0,697,79.7,20.5219,3.5723
2017-10-05,0.0,4.0,10.0,0.0,0.0,694,79.7,20.5219,3.5836
2017-10-06,0.0,5.0,10.0,0.0,0.0,692,79.7,20.5219,3.6149
2017-10-07,0.0,6.0,10.0,0.0,0.0,689,79.7,20.5219,3.6149
2017-10-08,0.0,7.0,10.0,0.0,0.0,687,79.7,20.5219,3.6149
2017-10-09,0.0,1.0,10.0,0.0,0.0,684,79.7,20.5219,3.7011
2017-10-10,0.0,2.0,10.0,0.0,0.0,681,79.7,20.5219,3.7114
2017-10-11,0.0,3.0,10.0,0.0,0.0,679,79.7,20.5219,3.6484
2017-10-12,0.0,4.0,10.0,0.0,0.0,676,79.7,20.5219,3.654
2017-10-13,0.0,5.0,10.0,0.0,0.0,674,79.7,20.5219,3.6349
2017-10-14,0.0,6.0,10.0,0.0,0.0,671,79.7,20.5219,3.6349
2017-10-15,0.0,7.0,10.0,0.0,0.0,669,79.7,20.5219,3.6349
2017-10-16,0.0,1.0,10.0,0.0,0.0,665,79.7,20.5219,3.6463
2017-10-17,0.0,2.0,10.0,0.0,0.0,662,79.7,20.5219,3.6663
2017-10-18,0.0,3.0,10.0,0.0,0.0,660,79.7,20.5219,3.6768
2017-10-19,0.0,4.0,10.0,0.0,0.0,657,79.7,20.5219,3.6456
2017-10-20,0.0,5.0,10.0,0.0,0.0,655,79.7,20.5219,3.6714
2017-10-21,0.0,6.0,10.0,0.0,0.0,653,79.7,20.5219,3.6714
2017-10-22,0.0,7.0,10.0,0.0,0.0,650,79.7,20.5219,3.6714
2017-10-23,0.0,1.0,10.0,0.0,0.0,648,79.7,20.5219,3.7163
2017-10-24,0.0,2.0,10.0,0.0,0.0,644,79.7,20.5219,3.7414
2017-10-25,0.0,3.0,10.0,0.0,0.0,642,79.7,20.5219,3.7668
2017-10-26,0.0,4.0,10.0,0.0,0.0,640,79.7,20.5219,3.8203
2017-10-27,0.0,5.0,10.0,0.0,0.0,637,79.7,20.5219,3.7885
2017-10-28,0.0,6.0,10.0,0.0,0.0,635,79.7,20.5219,3.7885
2017-10-29,2.0,7.0,10.0,0.0,0.0,633,79.7,20.5219,3.7885
2017-10-30,0.0,1.0,10.0,0.0,0.0,629,79.7,20.5219,3.7798
2017-10-31,0.0,2.0,10.0,0.0,0.0,627,79.7,20.5219,3.792
2017-11-01,0.0,3.0,11.0,0.0,0.0,625,79.9,20.5219,3.813
2017-11-02,0.0,4.0,11.0,0.0,0.0,623,79.9,20.5219,3.7975
2017-11-03,0.0,5.0,11.0,0.0,0.0,620,79.9,20.5219,3.8864
2017-11-04,0.0,6.0,11.0,0.0,0.0,618,79.9,20.5219,3.8864
2017-11-05,0.0,7.0,11.0,0.0,0.0,615,79.9,20.5219,3.8864
2017-11-06,0.0,1.0,11.0,0.0,0.0,613,79.9,20.5219,3.8280000000000003
2017-11-07,0.0,2.0,11.0,0.0,0.0,611,79.9,20.5219,3.8844
2017-11-08,0.0,3.0,11.0,0.0,0.0,609,79.9,20.5219,3.8665
2017-11-09,0.0,4.0,11.0,0.0,0.0,607,79.9,20.5219,3.8647
2017-11-10,0.0,5.0,11.0,0.0,0.0,604,79.9,20.5219,3.8636
2017-11-11,0.0,6.0,11.0,0.0,0.0,602,79.9,20.5219,3.8636
2017-11-12,0.0,7.0,11.0,0.0,0.0,600,79.9,20.5219,3.8636
2017-11-13,0.0,1.0,11.0,0.0,0.0,598,79.9,20.5219,3.8706
2017-11-14,0.0,2.0,11.0,0.0,0.0,596,79.9,20.5219,3.886
2017-11-15,0.0,3.0,11.0,0.0,0.0,593,79.9,20.5219,3.8811
2017-11-16,0.0,4.0,11.0,0.0,0.0,592,79.9,20.5219,3.8629
2017-11-17,0.0,5.0,11.0,0.0,0.0,590,79.9,20.5219,3.8773
2017-11-18,0.0,6.0,11.0,0.0,0.0,588,79.9,20.5219,3.8773
2017-11-19,0.0,7.0,11.0,0.0,0.0,586,79.9,20.5219,3.8773
2017-11-20,0.0,1.0,11.0,0.0,0.0,585,79.9,20.5219,3.9285
2017-11-21,0.0,2.0,11.0,0.0,0.0,582,79.9,20.5219,3.9566
2017-11-22,0.0,3.0,11.0,0.0,0.0,580,79.9,20.5219,3.9184
2017-11-23,0.0,4.0,11.0,0.0,0.0,579,79.9,20.5219,3.9201
2017-11-24,0.0,5.0,11.0,0.0,0.0,577,79.9,20.5219,3.9437
2017-11-25,0.0,6.0,11.0,0.0,0.0,576,79.9,20.5219,3.9437
2017-11-26,0.0,7.0,11.0,0.0,0.0,574,79.9,20.5219,3.9437
2017-11-27,0.0,1.0,11.0,0.0,0.0,573,79.9,20.5219,3.9062
2017-11-28,0.0,2.0,11.0,0.0,0.0,571,79.9,20.5219,3.9645
2017-11-29,0.0,3.0,11.0,0.0,0.0,570,79.9,20.5219,3.9613
2017-11-30,0.0,4.0,11.0,0.0,0.0,569,79.9,20.5219,3.9189999999999996
2017-12-01,0.0,5.0,12.0,0.0,0.0,566,79.0,20.5219,3.9131
2017-12-02,0.0,6.0,12.0,0.0,0.0,565,79.0,20.5219,3.9131
2017-12-03,0.0,7.0,12.0,0.0,0.0,564,79.0,20.5219,3.9131
2017-12-04,0.0,1.0,12.0,0.0,0.0,563,79.0,20.5219,3.8742
2017-12-05,0.0,2.0,12.0,0.0,0.0,563,79.0,20.5219,3.8444
2017-12-06,0.0,3.0,12.0,0.0,0.0,562,79.0,20.5219,3.8506
2017-12-07,0.0,4.0,12.0,0.0,0.0,561,79.0,20.5219,3.8631
2017-12-08,0.0,5.0,12.0,0.0,0.0,560,79.0,20.5219,3.8388
2017-12-09,0.0,6.0,12.0,0.0,0.0,559,79.0,20.5219,3.8388
2017-12-10,0.0,7.0,12.0,0.0,0.0,558,79.0,20.5219,3.8388
2017-12-11,0.0,1.0,12.0,0.0,0.0,557,79.0,20.5219,3.8367
2017-12-12,0.0,2.0,12.0,0.0,0.0,556,79.0,20.5219,3.8479
2017-12-13,0.0,3.0,12.0,0.0,0.0,556,79.0,20.5219,3.8119
2017-12-14,0.0,4.0,12.0,0.0,0.0,555,79.0,20.5219,3.8869
2017-12-15,0.0,5.0,12.0,0.0,0.0,555,79.0,20.5219,3.8617
2017-12-16,0.0,6.0,12.0,0.0,0.0,554,79.0,20.5219,3.8617
2017-12-17,0.0,7.0,12.0,0.0,0.0,554,79.0,20.5219,3.8617
2017-12-18,0.0,1.0,12.0,0.0,0.0,554,79.0,20.5219,3.83
2017-12-19,0.0,2.0,12.0,0.0,0.0,554,79.0,20.5219,3.8336
2017-12-20,0.0,3.0,12.0,0.0,0.0,553,79.0,20.5219,3.8203
2017-12-21,0.0,4.0,12.0,0.0,0.0,554,79.0,20.5219,3.8175
2017-12-22,0.0,5.0,12.0,0.0,0.0,553,79.0,20.5219,3.8157
2017-12-23,0.0,6.0,12.0,0.0,0.0,554,79.0,20.5219,3.8157
2017-12-24,0.0,7.0,12.0,0.0,0.0,554,79.0,20.5219,3.8157
2017-12-25,0.0,1.0,12.0,0.0,0.0,554,79.0,20.5219,3.8074
2017-12-26,0.0,2.0,12.0,0.0,0.0,554,79.0,20.5219,3.812
2017-12-27,0.0,3.0,12.0,0.0,0.0,555,79.0,20.5219,3.8156
2017-12-28,0.0,4.0,12.0,0.0,0.0,555,79.0,20.5219,3.7749
2017-12-29,0.0,5.0,12.0,0.0,0.0,556,79.0,20.5219,3.79
2017-12-30,0.0,6.0,12.0,0.0,0.0,556,79.0,20.5219,3.79
2017-12-31,0.0,7.0,12.0,0.0,0.0,557,79.0,20.5219,3.79
2018-01-01,1.0,1.0,1.0,0.0,0.0,557,78.2,21.9735,3.7875
2018-01-02,0.0,2.0,1.0,0.0,0.0,558,78.2,21.9735,3.7667
2018-01-03,0.0,3.0,1.0,0.0,0.0,559,78.2,21.9735,3.7812
2018-01-04,0.0,4.0,1.0,0.0,0.0,560,78.2,21.9735,3.748
2018-01-05,0.0,5.0,1.0,0.0,0.0,561,78.2,21.9735,3.7367
2018-01-06,0.0,6.0,1.0,0.0,0.0,562,78.2,21.9735,3.7367
2018-01-07,0.0,7.0,1.0,0.0,0.0,563,78.2,21.9735,3.7367
2018-01-08,0.0,1.0,1.0,0.0,0.0,564,78.2,21.9735,3.7443
2018-01-09,0.0,2.0,1.0,0.0,0.0,565,78.2,21.9735,3.7679
2018-01-10,0.0,3.0,1.0,0.0,0.0,566,78.2,21.9735,3.7994
2018-01-11,0.0,4.0,1.0,0.0,0.0,568,78.2,21.9735,3.7741
2018-01-12,0.0,5.0,1.0,0.0,0.0,569,78.2,21.9735,3.7483
2018-01-13,0.0,6.0,1.0,0.0,0.0,570,78.2,21.9735,3.7483
2018-01-14,0.0,7.0,1.0,0.0,0.0,572,78.2,21.9735,3.7483
2018-01-15,0.0,1.0,1.0,0.0,0.0,573,78.2,21.9735,3.8007
2018-01-16,0.0,2.0,1.0,0.0,0.0,574,78.2,21.9735,3.798
2018-01-17,0.0,3.0,1.0,0.0,0.0,577,78.2,21.9735,3.8182
2018-01-18,0.0,4.0,1.0,0.0,0.0,578,78.2,21.9735,3.7701
2018-01-19,0.0,5.0,1.0,0.0,0.0,580,78.2,21.9735,3.8065
2018-01-20,0.0,6.0,1.0,0.0,0.0,582,78.2,21.9735,3.8065
2018-01-21,0.0,7.0,1.0,0.0,0.0,583,78.2,21.9735,3.8065
2018-01-22,0.0,1.0,1.0,0.0,0.0,586,78.2,21.9735,3.775
2018-01-23,0.0,2.0,1.0,0.0,0.0,587,78.2,21.9735,3.7673
2018-01-24,0.0,3.0,1.0,0.0,0.0,589,78.2,21.9735,3.7384
2018-01-25,0.0,4.0,1.0,0.0,0.0,591,78.2,21.9735,3.7525
2018-01-26,0.0,5.0,1.0,0.0,0.0,593,78.2,21.9735,3.7548
2018-01-27,0.0,6.0,1.0,0.0,0.0,596,78.2,21.9735,3.7548
2018-01-28,0.0,7.0,1.0,0.0,0.0,597,78.2,21.9735,3.7548
2018-01-29,0.0,1.0,1.0,0.0,0.0,599,78.2,21.9735,3.7934
2018-01-30,0.0,2.0,1.0,0.0,0.0,601,78.2,21.9735,3.781
2018-01-31,0.0,3.0,1.0,0.0,0.0,604,78.2,21.9735,3.7555
2018-02-01,0.0,4.0,2.0,0.0,0.0,606,77.8,21.9735,3.7315
2018-02-02,0.0,5.0,2.0,0.0,0.0,608,77.8,21.9735,3.7734
2018-02-03,0.0,6.0,2.0,0.0,0.0,610,77.8,21.9735,3.7734
2018-02-04,0.0,7.0,2.0,0.0,0.0,613,77.8,21.9735,3.7734
2018-02-05,0.0,1.0,2.0,0.0,0.0,615,77.8,21.9735,3.79
2018-02-06,0.0,2.0,2.0,0.0,0.0,617,77.8,21.9735,3.7695
2018-02-07,0.0,3.0,2.0,0.0,0.0,619,77.8,21.9735,3.8047
2018-02-08,0.0,4.0,2.0,0.0,0.0,622,77.8,21.9735,3.8216
2018-02-09,0.0,5.0,2.0,0.0,0.0,625,77.8,21.9735,3.8226
2018-02-10,0.0,6.0,2.0,0.0,0.0,627,77.8,21.9735,3.8226
2018-02-11,0.0,7.0,2.0,0.0,0.0,629,77.8,21.9735,3.8226
2018-02-12,0.0,1.0,2.0,0.0,0.0,632,77.8,21.9735,3.7997
2018-02-13,0.0,2.0,2.0,0.0,0.0,635,77.8,21.9735,3.8106
2018-02-14,0.0,3.0,2.0,0.0,0.0,637,77.8,21.9735,3.7824
2018-02-15,0.0,4.0,2.0,0.0,0.0,639,77.8,21.9735,3.7644
2018-02-16,0.0,5.0,2.0,0.0,0.0,641,77.8,21.9735,3.7474
2018-02-17,0.0,6.0,2.0,0.0,0.0,645,77.8,21.9735,3.7474
2018-02-18,0.0,7.0,2.0,0.0,0.0,647,77.8,21.9735,3.7474
2018-02-19,0.0,1.0,2.0,0.0,0.0,650,77.8,21.9735,3.7573
2018-02-20,0.0,2.0,2.0,0.0,0.0,652,77.8,21.9735,3.7984
2018-02-21,0.0,3.0,2.0,0.0,0.0,654,77.8,21.9735,3.7891
2018-02-22,0.0,4.0,2.0,0.0,0.0,658,77.8,21.9735,3.7843
2018-02-23,0.0,5.0,2.0,0.0,0.0,660,77.8,21.9735,3.7905
2018-02-24,0.0,6.0,2.0,0.0,0.0,663,77.8,21.9735,3.7905
2018-02-25,0.0,7.0,2.0,0.0,0.0,665,77.8,21.9735,3.7905
2018-02-26,0.0,1.0,2.0,0.0,0.0,668,77.8,21.9735,3.7864
2018-02-27,0.0,2.0,2.0,0.0,0.0,670,77.8,21.9735,3.8155
2018-02-28,0.0,3.0,2.0,0.0,0.0,674,77.8,21.9735,3.7988
2018-03-01,0.0,4.0,3.0,0.0,0.0,676,77.8,21.9735,3.8056
2018-03-02,0.0,5.0,3.0,0.0,0.0,679,77.8,21.9735,3.8071
2018-03-03,0.0,6.0,3.0,0.0,0.0,681,77.8,21.9735,3.8071
2018-03-04,0.0,7.0,3.0,0.0,0.0,684,77.8,21.9735,3.8071
2018-03-05,0.0,1.0,3.0,0.0,0.0,687,77.8,21.9735,3.8084
2018-03-06,0.0,2.0,3.0,0.0,0.0,690,77.8,21.9735,3.7942
2018-03-07,0.0,3.0,3.0,0.0,0.0,693,77.8,21.9735,3.8027
2018-03-08,0.0,4.0,3.0,0.0,0.0,695,77.8,21.9735,3.8236
2018-03-09,0.0,5.0,3.0,0.0,0.0,698,77.8,21.9735,3.8111
2018-03-10,0.0,6.0,3.0,0.0,0.0,701,77.8,21.9735,3.8111
2018-03-11,0.0,7.0,3.0,0.0,0.0,703,77.8,21.9735,3.8111
2018-03-12,0.0,1.0,3.0,0.0,0.0,706,77.8,21.9735,3.8438
2018-03-13,0.0,2.0,3.0,0.0,0.0,708,77.8,21.9735,3.8733
2018-03-14,0.0,3.0,3.0,0.0,0.0,711,77.8,21.9735,3.8796
2018-03-15,0.0,4.0,3.0,0.0,0.0,715,77.8,21.9735,3.8956
2018-03-16,0.0,5.0,3.0,0.0,0.0,717,77.8,21.9735,3.9196
2018-03-17,0.0,6.0,3.0,0.0,0.0,720,77.8,21.9735,3.9196
2018-03-18,0.0,7.0,3.0,0.0,0.0,723,77.8,21.9735,3.9196
2018-03-19,0.0,1.0,3.0,0.0,0.0,725,77.8,21.9735,3.9362
2018-03-20,0.0,2.0,3.0,0.0,0.0,728,77.8,21.9735,3.9339
2018-03-21,0.0,3.0,3.0,0.0,0.0,731,77.8,21.9735,3.9085
2018-03-22,0.0,4.0,3.0,0.0,0.0,733,77.8,21.9735,3.9343
2018-03-23,0.0,5.0,3.0,0.0,0.0,736,77.8,21.9735,3.9824
2018-03-24,0.0,6.0,3.0,0.0,0.0,739,77.8,21.9735,3.9824
2018-03-25,0.0,7.0,3.0,0.0,0.0,741,77.8,21.9735,3.9824
2018-03-26,0.0,1.0,3.0,0.0,0.0,744,77.8,21.9735,3.9657
2018-03-27,0.0,2.0,3.0,0.0,0.0,747,77.8,21.9735,3.9819
2018-03-28,0.0,3.0,3.0,0.0,0.0,750,77.8,21.9735,4.0103
2018-03-29,0.0,4.0,3.0,0.0,0.0,753,77.8,21.9735,3.9422
2018-03-30,0.0,5.0,3.0,0.0,0.0,756,77.8,21.9735,3.9552
2018-03-31,0.0,6.0,3.0,0.0,0.0,758,77.8,21.9735,3.9552
2018-04-01,0.0,7.0,4.0,0.0,0.0,761,77.3,22.9814,3.9552
2018-04-02,0.0,1.0,4.0,0.0,0.0,764,77.3,22.9814,3.9735
2018-04-03,0.0,2.0,4.0,0.0,0.0,766,77.3,22.9814,3.9887
2018-04-04,0.0,3.0,4.0,0.0,0.0,769,77.3,22.9814,3.9991
2018-04-05,0.0,4.0,4.0,0.0,0.0,772,77.3,22.9814,4.0515
2018-04-06,0.0,5.0,4.0,0.0,0.0,774,77.3,22.9814,4.0449
2018-04-07,0.0,6.0,4.0,0.0,0.0,777,77.3,22.9814,4.0449
2018-04-08,0.0,7.0,4.0,0.0,0.0,780,77.3,22.9814,4.0449
2018-04-09,0.0,1.0,4.0,0.0,0.0,782,77.3,22.9814,4.0737
2018-04-10,0.0,2.0,4.0,0.0,0.0,785,77.3,22.9814,4.1121
2018-04-11,0.0,3.0,4.0,0.0,0.0,787,77.3,22.9814,4.136
2018-04-12,0.0,4.0,4.0,0.0,0.0,790,77.3,22.9814,4.1102
2018-04-13,0.0,5.0,4.0,0.0,0.0,793,77.3,22.9814,4.0969
2018-04-14,0.0,6.0,4.0,0.0,0.0,796,77.3,22.9814,4.0969
2018-04-15,0.0,7.0,4.0,0.0,0.0,799,77.3,22.9814,4.0969
2018-04-16,0.0,1.0,4.0,0.0,0.0,801,77.3,22.9814,4.0963
2018-04-17,0.0,2.0,4.0,0.0,0.0,804,77.3,22.9814,4.0976
2018-04-18,0.0,3.0,4.0,0.0,0.0,806,77.3,22.9814,4.0086
2018-04-19,0.0,4.0,4.0,0.0,0.0,809,77.3,22.9814,4.0403
2018-04-20,0.0,5.0,4.0,0.0,0.0,811,77.3,22.9814,4.0766
2018-04-21,0.0,6.0,4.0,0.0,0.0,814,77.3,22.9814,4.0766
2018-04-22,0.0,7.0,4.0,0.0,0.0,816,77.3,22.9814,4.0766
2018-04-23,2.0,1.0,4.0,0.0,0.0,819,77.3,22.9814,4.1079
2018-04-24,0.0,2.0,4.0,0.0,0.0,821,77.3,22.9814,4.086
2018-04-25,0.0,3.0,4.0,0.0,0.0,823,77.3,22.9814,4.0809
2018-04-26,0.0,4.0,4.0,0.0,0.0,826,77.3,22.9814,4.0664
2018-04-27,0.0,5.0,4.0,0.0,0.0,828,77.3,22.9814,4.0422
2018-04-28,0.0,6.0,4.0,0.0,0.0,831,77.3,22.9814,4.0422
2018-04-29,0.0,7.0,4.0,0.0,0.0,833,77.3,22.9814,4.0422
2018-04-30,7.0,1.0,4.0,0.0,0.0,836,77.3,22.9814,4.0617
2018-05-01,2.0,2.0,5.0,0.0,0.0,839,77.9,22.9814,4.103
2018-05-02,0.0,3.0,5.0,0.0,0.0,841,77.9,22.9814,4.1771
2018-05-03,0.0,4.0,5.0,0.0,0.0,843,77.9,22.9814,4.2131
2018-05-04,0.0,5.0,5.0,0.0,0.0,845,77.9,22.9814,4.226
2018-05-05,0.0,6.0,5.0,0.0,0.0,848,77.9,22.9814,4.226
2018-05-06,0.0,7.0,5.0,0.0,0.0,850,77.9,22.9814,4.226
2018-05-07,0.0,1.0,5.0,0.0,0.0,852,77.9,22.9814,4.2669
2018-05-08,0.0,2.0,5.0,0.0,0.0,854,77.9,22.9814,4.3327
2018-05-09,0.0,3.0,5.0,0.0,0.0,856,77.9,22.9814,4.2876
2018-05-10,0.0,4.0,5.0,0.0,0.0,858,77.9,22.9814,4.2352
2018-05-11,0.0,5.0,5.0,0.0,0.0,860,77.9,22.9814,4.3136
2018-05-12,0.0,6.0,5.0,0.0,0.0,862,77.9,22.9814,4.3136
2018-05-13,0.0,7.0,5.0,0.0,0.0,865,77.9,22.9814,4.3136
2018-05-14,0.0,1.0,5.0,0.0,0.0,867,77.9,22.9814,4.3674
2018-05-15,0.0,2.0,5.0,0.0,0.0,869,77.9,22.9814,4.445
2018-05-16,0.0,3.0,5.0,0.0,0.0,870,77.9,22.9814,4.4139
2018-05-17,0.0,4.0,5.0,0.0,0.0,872,77.9,22.9814,4.4606
2018-05-18,0.0,5.0,5.0,0.0,0.0,874,77.9,22.9814,4.4917
2018-05-19,2.0,6.0,5.0,0.0,0.0,876,77.9,22.9814,4.4917
2018-05-20,0.0,7.0,5.0,0.0,0.0,878,77.9,22.9814,4.4917
2018-05-21,0.0,1.0,5.0,0.0,0.0,880,77.9,22.9814,4.5749
2018-05-22,0.0,2.0,5.0,0.0,0.0,882,77.9,22.9814,4.6691
2018-05-23,0.0,3.0,5.0,0.0,0.0,882,77.9,22.9814,4.5762
2018-05-24,0.0,4.0,5.0,0.0,0.0,884,77.9,22.9814,4.7073
2018-05-25,0.0,5.0,5.0,0.0,0.0,886,77.9,22.9814,4.7081
2018-05-26,0.0,6.0,5.0,0.0,0.0,887,77.9,22.9814,4.7081
2018-05-27,0.0,7.0,5.0,0.0,0.0,889,77.9,22.9814,4.7081
2018-05-28,0.0,1.0,5.0,0.0,0.0,891,77.9,22.9814,4.5822
2018-05-29,0.0,2.0,5.0,0.0,0.0,891,77.9,22.9814,4.5488
2018-05-30,0.0,3.0,5.0,0.0,0.0,893,77.9,22.9814,4.465
2018-05-31,0.0,4.0,5.0,0.0,0.0,894,77.9,22.9814,4.5245
2018-06-01,0.0,5.0,6.0,0.0,0.0,896,78.3,22.9814,4.6508
2018-06-02,0.0,6.0,6.0,0.0,0.0,897,78.3,22.9814,4.6508
2018-06-03,0.0,7.0,6.0,0.0,0.0,898,78.3,22.9814,4.6508
2018-06-04,0.0,1.0,6.0,0.0,0.0,899,78.3,22.9814,4.5921
2018-06-05,0.0,2.0,6.0,0.0,0.0,900,78.3,22.9814,4.5985
2018-06-06,0.0,3.0,6.0,0.0,0.0,901,78.3,22.9814,4.5554
2018-06-07,0.0,4.0,6.0,0.0,0.0,902,78.3,22.9814,4.4844
2018-06-08,0.0,5.0,6.0,0.0,0.0,902,78.3,22.9814,4.474
2018-06-09,0.0,6.0,6.0,0.0,0.0,903,78.3,22.9814,4.474
2018-06-10,0.0,7.0,6.0,0.0,0.0,904,78.3,22.9814,4.474
2018-06-11,0.0,1.0,6.0,0.0,0.0,904,78.3,22.9814,4.524
2018-06-12,0.0,2.0,6.0,0.0,0.0,906,78.3,22.9814,4.5976
2018-06-13,0.0,3.0,6.0,0.0,0.0,906,78.3,22.9814,4.6452
2018-06-14,6.0,4.0,6.0,0.0,0.0,906,78.3,22.9814,4.7259
2018-06-15,5.0,5.0,6.0,0.0,0.0,907,78.3,22.9814,4.7301
2018-06-16,5.0,6.0,6.0,0.0,0.0,907,78.3,22.9814,4.7301
2018-06-17,5.0,7.0,6.0,0.0,0.0,908,78.3,22.9814,4.7301
2018-06-18,0.0,1.0,6.0,0.0,0.0,907,78.3,22.9814,4.7042
2018-06-19,0.0,2.0,6.0,0.0,0.0,907,78.3,22.9814,4.7402
2018-06-20,0.0,3.0,6.0,0.0,0.0,907,78.3,22.9814,4.7327
2018-06-21,0.0,4.0,6.0,0.0,0.0,908,78.3,22.9814,4.7225
2018-06-22,0.0,5.0,6.0,0.0,0.0,908,78.3,22.9814,4.6773
2018-06-23,0.0,6.0,6.0,0.0,0.0,908,78.3,22.9814,4.6773
2018-06-24,0.0,7.0,6.0,0.0,0.0,907,78.3,22.9814,4.6773
2018-06-25,0.0,1.0,6.0,0.0,0.0,907,78.3,22.9814,4.681
2018-06-26,0.0,2.0,6.0,0.0,0.0,907,78.3,22.9814,4.6155
2018-06-27,0.0,3.0,6.0,0.0,0.0,906,78.3,22.9814,4.6225
2018-06-28,0.0,4.0,6.0,0.0,0.0,906,78.3,22.9814,4.5853
2018-06-29,0.0,5.0,6.0,0.0,0.0,905,78.3,22.9814,4.5872
2018-06-30,0.0,6.0,6.0,0.0,0.0,905,78.3,22.9814,4.5872
2018-07-01,0.0,7.0,7.0,0.0,0.0,904,77.1,22.9814,4.5872
2018-07-02,0.0,1.0,7.0,0.0,0.0,904,77.1,22.9814,4.6161
2018-07-03,0.0,2.0,7.0,0.0,0.0,903,77.1,22.9814,4.6705
2018-07-04,0.0,3.0,7.0,0.0,0.0,903,77.1,22.9814,4.6667
2018-07-05,0.0,4.0,7.0,0.0,0.0,901,77.1,22.9814,4.5925
2018-07-06,0.0,5.0,7.0,0.0,0.0,901,77.1,22.9814,4.5704
2018-07-07,0.0,6.0,7.0,0.0,0.0,900,77.1,22.9814,4.5704
2018-07-08,0.0,7.0,7.0,0.0,0.0,898,77.1,22.9814,4.5704
2018-07-09,0.0,1.0,7.0,0.0,0.0,898,77.1,22.9814,4.7338
2018-07-10,0.0,2.0,7.0,0.0,0.0,897,77.1,22.9814,4.7077
2018-07-11,0.0,3.0,7.0,0.0,0.0,895,77.1,22.9814,4.8762
2018-07-12,0.0,4.0,7.0,0.0,0.0,895,77.1,22.9814,4.8552
2018-07-13,0.0,5.0,7.0,0.0,0.0,893,77.1,22.9814,4.8552
2018-07-14,0.0,6.0,7.0,0.0,0.0,892,77.1,22.9814,4.8552
2018-07-15,2.0,7.0,7.0,0.0,0.0,890,77.1,22.9814,4.8552
2018-07-16,0.0,1.0,7.0,0.0,0.0,889,77.1,22.9814,4.8463
2018-07-17,0.0,2.0,7.0,0.0,0.0,888,77.1,22.9814,4.8065
2018-07-18,0.0,3.0,7.0,0.0,0.0,886,77.1,22.9814,4.7953
2018-07-19,0.0,4.0,7.0,0.0,0.0,884,77.1,22.9814,4.8066
2018-07-20,0.0,5.0,7.0,0.0,0.0,883,77.1,22.9814,4.7927
2018-07-21,0.0,6.0,7.0,0.0,0.0,881,77.1,22.9814,4.7927
2018-07-22,0.0,7.0,7.0,0.0,0.0,879,77.1,22.9814,4.7927
2018-07-23,0.0,1.0,7.0,0.0,0.0,878,77.1,22.9814,4.7395
2018-07-24,0.0,2.0,7.0,0.0,0.0,876,77.1,22.9814,4.8861
2018-07-25,0.0,3.0,7.0,0.0,0.0,875,77.1,22.9814,4.7728
2018-07-26,0.0,4.0,7.0,0.0,0.0,873,77.1,22.9814,4.8649
2018-07-27,0.0,5.0,7.0,0.0,0.0,871,77.1,22.9814,4.8529
2018-07-28,0.0,6.0,7.0,0.0,0.0,869,77.1,22.9814,4.8529
2018-07-29,0.0,7.0,7.0,0.0,0.0,867,77.1,22.9814,4.8529
2018-07-30,0.0,1.0,7.0,0.0,0.0,865,77.1,22.9814,4.8823
2018-07-31,0.0,2.0,7.0,0.0,0.0,863,77.1,22.9814,4.9142
2018-08-01,0.0,3.0,8.0,0.0,0.0,861,77.8,26.4733,4.995
2018-08-02,0.0,4.0,8.0,0.0,0.0,858,77.8,26.4733,5.066
2018-08-03,0.0,5.0,8.0,0.0,0.0,856,77.8,26.4733,5.0815
2018-08-04,0.0,6.0,8.0,0.0,0.0,854,77.8,26.4733,5.0815
2018-08-05,0.0,7.0,8.0,0.0,0.0,852,77.8,26.4733,5.0815
2018-08-06,0.0,1.0,8.0,0.0,0.0,850,77.8,26.4733,5.3301
2018-08-07,0.0,2.0,8.0,0.0,0.0,848,77.8,26.4733,5.2443
2018-08-08,0.0,3.0,8.0,0.0,0.0,845,77.8,26.4733,5.28
2018-08-09,0.0,4.0,8.0,0.0,0.0,843,77.8,26.4733,5.5457
2018-08-10,0.0,5.0,8.0,0.0,0.0,841,77.8,26.4733,6.4275
2018-08-11,0.0,6.0,8.0,0.0,0.0,838,77.8,26.4733,6.4275
2018-08-12,0.0,7.0,8.0,0.0,0.0,836,77.8,26.4733,6.4275
2018-08-13,0.0,1.0,8.0,0.0,0.0,834,77.8,26.4733,6.8834
2018-08-14,0.0,2.0,8.0,0.0,0.0,831,77.8,26.4733,6.3544
2018-08-15,0.0,3.0,8.0,0.0,0.0,829,77.8,26.4733,5.9905
2018-08-16,0.0,4.0,8.0,0.0,0.0,827,77.8,26.4733,5.827000000000001
2018-08-17,0.0,5.0,8.0,0.0,0.0,824,77.8,26.4733,6.013999999999999
2018-08-18,8.0,6.0,8.0,0.0,0.0,822,77.8,26.4733,6.013999999999999
2018-08-19,8.0,7.0,8.0,0.0,0.0,819,77.8,26.4733,6.013999999999999
2018-08-20,4.0,1.0,8.0,0.0,0.0,817,77.8,26.4733,6.0808
2018-08-21,3.0,2.0,8.0,0.0,0.0,814,77.8,26.4733,6.0758
2018-08-22,3.0,3.0,8.0,0.0,0.0,812,77.8,26.4733,6.0512
2018-08-23,3.0,4.0,8.0,0.0,0.0,809,77.8,26.4733,6.1247
2018-08-24,3.0,5.0,8.0,0.0,0.0,807,77.8,26.4733,6.0068
2018-08-25,8.0,6.0,8.0,0.0,0.0,804,77.8,26.4733,6.0068
2018-08-26,8.0,7.0,8.0,0.0,0.0,802,77.8,26.4733,6.0068
2018-08-27,0.0,1.0,8.0,0.0,0.0,799,77.8,26.4733,6.1217
2018-08-28,0.0,2.0,8.0,0.0,0.0,797,77.8,26.4733,6.273
2018-08-29,0.0,3.0,8.0,0.0,0.0,794,77.8,26.4733,6.4752
2018-08-30,2.0,4.0,8.0,0.0,0.0,791,77.8,26.4733,6.6519
2018-08-31,7.0,5.0,8.0,0.0,0.0,789,77.8,26.4733,6.537999999999999
2018-09-01,0.0,6.0,9.0,0.0,0.0,786,76.2,30.4541,6.537999999999999
2018-09-02,0.0,7.0,9.0,0.0,0.0,784,76.2,30.4541,6.537999999999999
2018-09-03,0.0,1.0,9.0,0.0,0.0,782,76.2,30.4541,6.6339999999999995
2018-09-04,0.0,2.0,9.0,0.0,0.0,779,76.2,30.4541,6.6711
2018-09-05,0.0,3.0,9.0,0.0,0.0,777,76.2,30.4541,6.6011
2018-09-06,0.0,4.0,9.0,0.0,0.0,774,76.2,30.4541,6.5827
2018-09-07,0.0,5.0,9.0,0.0,0.0,771,76.2,30.4541,6.397
2018-09-08,0.0,6.0,9.0,0.0,0.0,769,76.2,30.4541,6.397
2018-09-09,0.0,7.0,9.0,0.0,0.0,766,76.2,30.4541,6.397
2018-09-10,0.0,1.0,9.0,0.0,0.0,763,76.2,30.4541,6.4616
2018-09-11,0.0,2.0,9.0,0.0,0.0,760,76.2,30.4541,6.4302
2018-09-12,0.0,3.0,9.0,0.0,0.0,758,76.2,30.4541,6.3420000000000005
2018-09-13,0.0,4.0,9.0,0.0,0.0,755,76.2,30.4541,6.0812
2018-09-14,0.0,5.0,9.0,0.0,0.0,752,76.2,30.4541,6.1703
2018-09-15,0.0,6.0,9.0,0.0,0.0,750,76.2,30.4541,6.1703
2018-09-16,0.0,7.0,9.0,0.0,0.0,747,76.2,30.4541,6.1703
2018-09-17,0.0,1.0,9.0,0.0,0.0,744,76.2,30.4541,6.3144
2018-09-18,0.0,2.0,9.0,0.0,0.0,742,76.2,30.4541,6.3846
2018-09-19,0.0,3.0,9.0,0.0,0.0,739,76.2,30.4541,6.2493
2018-09-20,0.0,4.0,9.0,0.0,0.0,736,76.2,30.4541,6.196000000000001
2018-09-21,0.0,5.0,9.0,0.0,0.0,733,76.2,30.4541,6.2937
2018-09-22,0.0,6.0,9.0,0.0,0.0,731,76.2,30.4541,6.2937
2018-09-23,0.0,7.0,9.0,0.0,0.0,728,76.2,30.4541,6.2937
2018-09-24,0.0,1.0,9.0,0.0,0.0,725,76.2,30.4541,6.1524
2018-09-25,0.0,2.0,9.0,0.0,0.0,723,76.2,30.4541,6.1618
2018-09-26,0.0,3.0,9.0,0.0,0.0,720,76.2,30.4541,6.107
2018-09-27,0.0,4.0,9.0,0.0,0.0,717,76.2,30.4541,6.007999999999999
2018-09-28,0.0,5.0,9.0,0.0,0.0,715,76.2,30.4541,6.056
2018-09-29,0.0,6.0,9.0,0.0,0.0,712,76.2,30.4541,6.056
2018-09-30,0.0,7.0,9.0,0.0,0.0,709,76.2,30.4541,6.056
2018-10-01,0.0,1.0,10.0,0.0,0.0,706,75.4,36.4509,5.936
2018-10-02,0.0,2.0,10.0,0.0,0.0,704,75.4,36.4509,5.9846
2018-10-03,0.0,3.0,10.0,0.0,0.0,701,75.4,36.4509,6.0458
2018-10-04,0.0,4.0,10.0,0.0,0.0,697,75.4,36.4509,6.1627
2018-10-05,0.0,5.0,10.0,0.0,0.0,695,75.4,36.4509,6.1333
2018-10-06,0.0,6.0,10.0,0.0,0.0,692,75.4,36.4509,6.1333
2018-10-07,0.0,7.0,10.0,0.0,0.0,690,75.4,36.4509,6.1333
2018-10-08,0.0,1.0,10.0,0.0,0.0,687,75.4,36.4509,6.1106
2018-10-09,0.0,2.0,10.0,0.0,0.0,684,75.4,36.4509,6.1011
2018-10-10,0.0,3.0,10.0,0.0,0.0,682,75.4,36.4509,6.0760000000000005
2018-10-11,0.0,4.0,10.0,0.0,0.0,679,75.4,36.4509,5.9258
2018-10-12,0.0,5.0,10.0,0.0,0.0,677,75.4,36.4509,5.8721
2018-10-13,0.0,6.0,10.0,0.0,0.0,674,75.4,36.4509,5.8721
2018-10-14,0.0,7.0,10.0,0.0,0.0,671,75.4,36.4509,5.8721
2018-10-15,0.0,1.0,10.0,0.0,0.0,669,75.4,36.4509,5.7867
2018-10-16,0.0,2.0,10.0,0.0,0.0,666,75.4,36.4509,5.6856
2018-10-17,0.0,3.0,10.0,0.0,0.0,664,75.4,36.4509,5.5835
2018-10-18,0.0,4.0,10.0,0.0,0.0,660,75.4,36.4509,5.6425
2018-10-19,0.0,5.0,10.0,0.0,0.0,658,75.4,36.4509,5.6425
2018-10-20,0.0,6.0,10.0,0.0,0.0,655,75.4,36.4509,5.6425
2018-10-21,0.0,7.0,10.0,0.0,0.0,653,75.4,36.4509,5.6425
2018-10-22,0.0,1.0,10.0,0.0,0.0,650,75.4,36.4509,5.6689
2018-10-23,0.0,2.0,10.0,0.0,0.0,648,75.4,36.4509,5.737
2018-10-24,0.0,3.0,10.0,0.0,0.0,646,75.4,36.4509,5.7023
2018-10-25,0.0,4.0,10.0,0.0,0.0,643,75.4,36.4509,5.6345
2018-10-26,0.0,5.0,10.0,0.0,0.0,640,75.4,36.4509,5.5929
2018-10-27,0.0,6.0,10.0,0.0,0.0,638,75.4,36.4509,5.5929
2018-10-28,0.0,7.0,10.0,0.0,0.0,635,75.4,36.4509,5.5929
2018-10-29,2.0,1.0,10.0,0.0,0.0,633,75.4,36.4509,5.5611
2018-10-30,0.0,2.0,10.0,0.0,0.0,631,75.4,36.4509,5.4746
2018-10-31,0.0,3.0,10.0,0.0,0.0,628,75.4,36.4509,5.5835
2018-11-01,0.0,4.0,11.0,0.0,0.0,625,74.1,36.4509,5.5118
2018-11-02,0.0,5.0,11.0,0.0,0.0,623,74.1,36.4509,5.4296
2018-11-03,0.0,6.0,11.0,0.0,0.0,621,74.1,36.4509,5.4296
2018-11-04,0.0,7.0,11.0,0.0,0.0,619,74.1,36.4509,5.4296
2018-11-05,0.0,1.0,11.0,0.0,0.0,616,74.1,36.4509,5.3134
2018-11-06,0.0,2.0,11.0,0.0,0.0,613,74.1,36.4509,5.356
2018-11-07,0.0,3.0,11.0,0.0,0.0,611,74.1,36.4509,5.3612
2018-11-08,0.0,4.0,11.0,0.0,0.0,609,74.1,36.4509,5.4583
2018-11-09,0.0,5.0,11.0,0.0,0.0,607,74.1,36.4509,5.4606
2018-11-10,0.0,6.0,11.0,0.0,0.0,605,74.1,36.4509,5.4606
2018-11-11,0.0,7.0,11.0,0.0,0.0,603,74.1,36.4509,5.4606
2018-11-12,0.0,1.0,11.0,0.0,0.0,600,74.1,36.4509,5.4685
2018-11-13,0.0,2.0,11.0,0.0,0.0,598,74.1,36.4509,5.4776
2018-11-14,0.0,3.0,11.0,0.0,0.0,596,74.1,36.4509,5.4624
2018-11-15,0.0,4.0,11.0,0.0,0.0,595,74.1,36.4509,5.3481
2018-11-16,0.0,5.0,11.0,0.0,0.0,593,74.1,36.4509,5.3318
2018-11-17,0.0,6.0,11.0,0.0,0.0,590,74.1,36.4509,5.3318
2018-11-18,0.0,7.0,11.0,0.0,0.0,588,74.1,36.4509,5.3318
2018-11-19,0.0,1.0,11.0,0.0,0.0,586,74.1,36.4509,5.3075
2018-11-20,0.0,2.0,11.0,0.0,0.0,585,74.1,36.4509,5.3776
2018-11-21,0.0,3.0,11.0,0.0,0.0,583,74.1,36.4509,5.308
2018-11-22,0.0,4.0,11.0,0.0,0.0,582,74.1,36.4509,5.296
2018-11-23,0.0,5.0,11.0,0.0,0.0,579,74.1,36.4509,5.2875
2018-11-24,0.0,6.0,11.0,0.0,0.0,577,74.1,36.4509,5.2875
2018-11-25,0.0,7.0,11.0,0.0,0.0,576,74.1,36.4509,5.2875
2018-11-26,0.0,1.0,11.0,0.0,0.0,574,74.1,36.4509,5.2477
2018-11-27,0.0,2.0,11.0,0.0,0.0,573,74.1,36.4509,5.2716
2018-11-28,0.0,3.0,11.0,0.0,0.0,572,74.1,36.4509,5.2219
2018-11-29,0.0,4.0,11.0,0.0,0.0,570,74.1,36.4509,5.1631
2018-11-30,0.0,5.0,11.0,0.0,0.0,569,74.1,36.4509,5.2128
2018-12-01,0.0,6.0,12.0,0.0,0.0,568,74.1,36.4509,5.2128
2018-12-02,0.0,7.0,12.0,0.0,0.0,566,74.1,36.4509,5.2128
2018-12-03,0.0,1.0,12.0,0.0,0.0,565,74.1,36.4509,5.2501
2018-12-04,0.0,2.0,12.0,0.0,0.0,564,74.1,36.4509,5.3875
2018-12-05,0.0,3.0,12.0,0.0,0.0,563,74.1,36.4509,5.3262
2018-12-06,0.0,4.0,12.0,0.0,0.0,562,74.1,36.4509,5.3386
2018-12-07,0.0,5.0,12.0,0.0,0.0,561,74.1,36.4509,5.3029
2018-12-08,0.0,6.0,12.0,0.0,0.0,560,74.1,36.4509,5.3029
2018-12-09,0.0,7.0,12.0,0.0,0.0,559,74.1,36.4509,5.3029
2018-12-10,0.0,1.0,12.0,0.0,0.0,558,74.1,36.4509,5.3248
2018-12-11,0.0,2.0,12.0,0.0,0.0,557,74.1,36.4509,5.3653
2018-12-12,0.0,3.0,12.0,0.0,0.0,557,74.1,36.4509,5.3482
2018-12-13,0.0,4.0,12.0,0.0,0.0,556,74.1,36.4509,5.3392
2018-12-14,0.0,5.0,12.0,0.0,0.0,555,74.1,36.4509,5.3635
2018-12-15,0.0,6.0,12.0,0.0,0.0,555,74.1,36.4509,5.3635
2018-12-16,0.0,7.0,12.0,0.0,0.0,555,74.1,36.4509,5.3635
2018-12-17,0.0,1.0,12.0,0.0,0.0,554,74.1,36.4509,5.3686
2018-12-18,0.0,2.0,12.0,0.0,0.0,554,74.1,36.4509,5.345
2018-12-19,0.0,3.0,12.0,0.0,0.0,554,74.1,36.4509,5.2861
2018-12-20,0.0,4.0,12.0,0.0,0.0,553,74.1,36.4509,5.2649
2018-12-21,0.0,5.0,12.0,0.0,0.0,554,74.1,36.4509,5.3181
2018-12-22,0.0,6.0,12.0,0.0,0.0,553,74.1,36.4509,5.3181
2018-12-23,0.0,7.0,12.0,0.0,0.0,554,74.1,36.4509,5.3181
2018-12-24,0.0,1.0,12.0,0.0,0.0,553,74.1,36.4509,5.289
2018-12-25,0.0,2.0,12.0,0.0,0.0,554,74.1,36.4509,5.3101
2018-12-26,0.0,3.0,12.0,0.0,0.0,554,74.1,36.4509,5.2766
2018-12-27,0.0,4.0,12.0,0.0,0.0,554,74.1,36.4509,5.285
2018-12-28,0.0,5.0,12.0,0.0,0.0,555,74.1,36.4509,5.2725
2018-12-29,0.0,6.0,12.0,0.0,0.0,556,74.1,36.4509,5.2725
2018-12-30,0.0,7.0,12.0,0.0,0.0,556,74.1,36.4509,5.2725
2018-12-31,7.0,1.0,12.0,0.0,0.0,556,74.1,36.4509,5.2887
2019-01-01,1.0,2.0,1.0,0.0,0.0,557,74.4,36.4509,5.2933
2019-01-02,0.0,3.0,1.0,0.0,0.0,558,74.4,36.4509,5.4003
2019-01-03,0.0,4.0,1.0,0.0,0.0,559,74.4,36.4509,5.4664
2019-01-04,0.0,5.0,1.0,0.0,0.0,560,74.4,36.4509,5.3311
2019-01-05,0.0,6.0,1.0,0.0,0.0,561,74.4,36.4509,5.3311
2019-01-06,0.0,7.0,1.0,0.0,0.0,562,74.4,36.4509,5.3311
2019-01-07,0.0,1.0,1.0,0.0,0.0,563,74.4,36.4509,5.3848
2019-01-08,0.0,2.0,1.0,0.0,0.0,564,74.4,36.4509,5.4811
2019-01-09,0.0,3.0,1.0,0.0,0.0,565,74.4,36.4509,5.4768
2019-01-10,0.0,4.0,1.0,0.0,0.0,566,74.4,36.4509,5.4168
2019-01-11,0.0,5.0,1.0,0.0,0.0,568,74.4,36.4509,5.455
2019-01-12,0.0,6.0,1.0,0.0,0.0,569,74.4,36.4509,5.455
2019-01-13,0.0,7.0,1.0,0.0,0.0,570,74.4,36.4509,5.455
2019-01-14,0.0,1.0,1.0,0.0,0.0,572,74.4,36.4509,5.4447
2019-01-15,0.0,2.0,1.0,0.0,0.0,573,74.4,36.4509,5.4466
2019-01-16,0.0,3.0,1.0,0.0,0.0,574,74.4,36.4509,5.3363
2019-01-17,0.0,4.0,1.0,0.0,0.0,576,74.4,36.4509,5.348
2019-01-18,0.0,5.0,1.0,0.0,0.0,578,74.4,36.4509,5.3283
2019-01-19,0.0,6.0,1.0,0.0,0.0,580,74.4,36.4509,5.3283
2019-01-20,0.0,7.0,1.0,0.0,0.0,581,74.4,36.4509,5.3283
2019-01-21,0.0,1.0,1.0,0.0,0.0,583,74.4,36.4509,5.3247
2019-01-22,0.0,2.0,1.0,0.0,0.0,585,74.4,36.4509,5.3435
2019-01-23,0.0,3.0,1.0,0.0,0.0,586,74.4,36.4509,5.2860000000000005
2019-01-24,0.0,4.0,1.0,0.0,0.0,589,74.4,36.4509,5.265
2019-01-25,0.0,5.0,1.0,0.0,0.0,591,74.4,36.4509,5.2688
2019-01-26,0.0,6.0,1.0,0.0,0.0,593,74.4,36.4509,5.2688
2019-01-27,0.0,7.0,1.0,0.0,0.0,594,74.4,36.4509,5.2688
2019-01-28,0.0,1.0,1.0,0.0,0.0,597,74.4,36.4509,5.3279
2019-01-29,0.0,2.0,1.0,0.0,0.0,599,74.4,36.4509,5.3098
2019-01-30,0.0,3.0,1.0,0.0,0.0,601,74.4,36.4509,5.2252
2019-01-31,0.0,4.0,1.0,0.0,0.0,603,74.4,36.4509,5.1645
2019-02-01,0.0,5.0,2.0,0.0,0.0,606,74.0,36.4509,5.2084
2019-02-02,0.0,6.0,2.0,0.0,0.0,608,74.0,36.4509,5.2084
2019-02-03,0.0,7.0,2.0,0.0,0.0,610,74.0,36.4509,5.2084
2019-02-04,0.0,1.0,2.0,0.0,0.0,612,74.0,36.4509,5.2182
2019-02-05,0.0,2.0,2.0,0.0,0.0,615,74.0,36.4509,5.1985
2019-02-06,0.0,3.0,2.0,0.0,0.0,617,74.0,36.4509,5.2168
2019-02-07,0.0,4.0,2.0,0.0,0.0,619,74.0,36.4509,5.2668
2019-02-08,0.0,5.0,2.0,0.0,0.0,621,74.0,36.4509,5.2474
2019-02-09,0.0,6.0,2.0,0.0,0.0,624,74.0,36.4509,5.2474
2019-02-10,0.0,7.0,2.0,0.0,0.0,627,74.0,36.4509,5.2474
2019-02-11,0.0,1.0,2.0,0.0,0.0,629,74.0,36.4509,5.2779
2019-02-12,0.0,2.0,2.0,0.0,0.0,631,74.0,36.4509,5.2516
2019-02-13,0.0,3.0,2.0,0.0,0.0,633,74.0,36.4509,5.285
2019-02-14,0.0,4.0,2.0,0.0,0.0,637,74.0,36.4509,5.2729
2019-02-15,0.0,5.0,2.0,0.0,0.0,639,74.0,36.4509,5.2714
2019-02-16,0.0,6.0,2.0,0.0,0.0,641,74.0,36.4509,5.2714
2019-02-17,0.0,7.0,2.0,0.0,0.0,643,74.0,36.4509,5.2714
2019-02-18,0.0,1.0,2.0,0.0,0.0,647,74.0,36.4509,5.3083
2019-02-19,0.0,2.0,2.0,0.0,0.0,649,74.0,36.4509,5.2828
2019-02-20,0.0,3.0,2.0,0.0,0.0,652,74.0,36.4509,5.3244
2019-02-21,0.0,4.0,2.0,0.0,0.0,654,74.0,36.4509,5.3214
2019-02-22,0.0,5.0,2.0,0.0,0.0,656,74.0,36.4509,5.3186
2019-02-23,0.0,6.0,2.0,0.0,0.0,660,74.0,36.4509,5.3186
2019-02-24,0.0,7.0,2.0,0.0,0.0,662,74.0,36.4509,5.3186
2019-02-25,0.0,1.0,2.0,0.0,0.0,665,74.0,36.4509,5.3026
2019-02-26,0.0,2.0,2.0,0.0,0.0,667,74.0,36.4509,5.3066
2019-02-27,0.0,3.0,2.0,0.0,0.0,670,74.0,36.4509,5.3136
2019-02-28,0.0,4.0,2.0,0.0,0.0,672,74.0,36.4509,5.3371
2019-03-01,0.0,5.0,3.0,0.0,0.0,676,74.3,36.4509,5.3742
2019-03-02,0.0,6.0,3.0,0.0,0.0,678,74.3,36.4509,5.3742
2019-03-03,0.0,7.0,3.0,0.0,0.0,681,74.3,36.4509,5.3742
2019-03-04,0.0,1.0,3.0,0.0,0.0,684,74.3,36.4509,5.3769
2019-03-05,0.0,2.0,3.0,0.0,0.0,686,74.3,36.4509,5.3870000000000005
2019-03-06,0.0,3.0,3.0,0.0,0.0,689,74.3,36.4509,5.4288
2019-03-07,0.0,4.0,3.0,0.0,0.0,691,74.3,36.4509,5.4712
2019-03-08,0.0,5.0,3.0,0.0,0.0,694,74.3,36.4509,5.4303
2019-03-09,0.0,6.0,3.0,0.0,0.0,698,74.3,36.4509,5.4303
2019-03-10,0.0,7.0,3.0,0.0,0.0,700,74.3,36.4509,5.4303
2019-03-11,0.0,1.0,3.0,0.0,0.0,703,74.3,36.4509,5.4455
2019-03-12,0.0,2.0,3.0,0.0,0.0,705,74.3,36.4509,5.4572
2019-03-13,0.0,3.0,3.0,0.0,0.0,708,74.3,36.4509,5.4564
2019-03-14,0.0,4.0,3.0,0.0,0.0,711,74.3,36.4509,5.4671
2019-03-15,0.0,5.0,3.0,0.0,0.0,713,74.3,36.4509,5.4467
2019-03-16,0.0,6.0,3.0,0.0,0.0,716,74.3,36.4509,5.4467
2019-03-17,0.0,7.0,3.0,0.0,0.0,719,74.3,36.4509,5.4467
2019-03-18,0.0,1.0,3.0,0.0,0.0,722,74.3,36.4509,5.4683
2019-03-19,0.0,2.0,3.0,0.0,0.0,725,74.3,36.4509,5.4764
2019-03-20,0.0,3.0,3.0,0.0,0.0,728,74.3,36.4509,5.4208
2019-03-21,0.0,4.0,3.0,0.0,0.0,730,74.3,36.4509,5.4652
2019-03-22,0.0,5.0,3.0,0.0,0.0,733,74.3,36.4509,5.7627
2019-03-23,0.0,6.0,3.0,0.0,0.0,736,74.3,36.4509,5.7627
2019-03-24,0.0,7.0,3.0,0.0,0.0,738,74.3,36.4509,5.7627
2019-03-25,0.0,1.0,3.0,0.0,0.0,741,74.3,36.4509,5.5503
2019-03-26,0.0,2.0,3.0,0.0,0.0,744,74.3,36.4509,5.3279
2019-03-27,0.0,3.0,3.0,0.0,0.0,746,74.3,36.4509,5.3278
2019-03-28,0.0,4.0,3.0,0.0,0.0,749,74.3,36.4509,5.561
2019-03-29,0.0,5.0,3.0,0.0,0.0,752,74.3,36.4509,5.5555
2019-03-30,0.0,6.0,3.0,0.0,0.0,754,74.3,36.4509,5.5555
2019-03-31,0.0,7.0,3.0,0.0,0.0,757,74.3,36.4509,5.5555
2019-04-01,0.0,1.0,4.0,0.0,0.0,760,75.0,36.4509,5.4863
2019-04-02,0.0,2.0,4.0,0.0,0.0,763,75.0,36.4509,5.605
2019-04-03,0.0,3.0,4.0,0.0,0.0,766,75.0,36.4509,5.626
2019-04-04,0.0,4.0,4.0,0.0,0.0,769,75.0,36.4509,5.5925
2019-04-05,0.0,5.0,4.0,0.0,0.0,771,75.0,36.4509,5.6262
2019-04-06,0.0,6.0,4.0,0.0,0.0,774,75.0,36.4509,5.6262
2019-04-07,0.0,7.0,4.0,0.0,0.0,777,75.0,36.4509,5.6262
2019-04-08,0.0,1.0,4.0,0.0,0.0,779,75.0,36.4509,5.6903
2019-04-09,0.0,2.0,4.0,0.0,0.0,782,75.0,36.4509,5.6943
2019-04-10,0.0,3.0,4.0,0.0,0.0,784,75.0,36.4509,5.6818
2019-04-11,0.0,4.0,4.0,0.0,0.0,787,75.0,36.4509,5.7388
2019-04-12,0.0,5.0,4.0,0.0,0.0,790,75.0,36.4509,5.7693
2019-04-13,0.0,6.0,4.0,0.0,0.0,792,75.0,36.4509,5.7693
2019-04-14,0.0,7.0,4.0,0.0,0.0,795,75.0,36.4509,5.7693
2019-04-15,0.0,1.0,4.0,0.0,0.0,797,75.0,36.4509,5.8041
2019-04-16,0.0,2.0,4.0,0.0,0.0,800,75.0,36.4509,5.7703
2019-04-17,0.0,3.0,4.0,0.0,0.0,802,75.0,36.4509,5.7387
2019-04-18,0.0,4.0,4.0,0.0,0.0,806,75.0,36.4509,5.8018
2019-04-19,0.0,5.0,4.0,0.0,0.0,808,75.0,36.4509,5.8112
2019-04-20,0.0,6.0,4.0,0.0,0.0,811,75.0,36.4509,5.8112
2019-04-21,0.0,7.0,4.0,0.0,0.0,813,75.0,36.4509,5.8112
2019-04-22,7.0,1.0,4.0,0.0,0.0,816,75.0,36.4509,5.8272
2019-04-23,2.0,2.0,4.0,0.0,0.0,818,75.0,36.4509,5.8287
2019-04-24,0.0,3.0,4.0,0.0,0.0,821,75.0,36.4509,5.8753
2019-04-25,0.0,4.0,4.0,0.0,0.0,823,75.0,36.4509,5.9268
2019-04-26,0.0,5.0,4.0,0.0,0.0,825,75.0,36.4509,5.9382
2019-04-27,0.0,6.0,4.0,0.0,0.0,828,75.0,36.4509,5.9382
2019-04-28,0.0,7.0,4.0,0.0,0.0,830,75.0,36.4509,5.9382
2019-04-29,0.0,1.0,4.0,0.0,0.0,833,75.0,36.4509,5.9483
2019-04-30,0.0,2.0,4.0,0.0,0.0,835,75.0,36.4509,5.9656
2019-05-01,2.0,3.0,5.0,0.0,0.0,837,76.3,36.4509,5.9665
2019-05-02,0.0,4.0,5.0,0.0,0.0,840,76.3,36.4509,5.9645
2019-05-03,0.0,5.0,5.0,0.0,0.0,842,76.3,36.4509,5.9648
2019-05-04,0.0,6.0,5.0,0.0,0.0,844,76.3,36.4509,5.9648
2019-05-05,0.0,7.0,5.0,0.0,0.0,846,76.3,36.4509,5.9648
2019-05-06,0.0,1.0,5.0,0.0,0.0,849,76.3,36.4509,6.0803
2019-05-07,0.0,2.0,5.0,0.0,0.0,852,76.3,36.4509,6.1511
2019-05-08,0.0,3.0,5.0,0.0,0.0,854,76.3,36.4509,6.186
2019-05-09,0.0,4.0,5.0,0.0,0.0,856,76.3,36.4509,6.1926
2019-05-10,0.0,5.0,5.0,0.0,0.0,858,76.3,36.4509,5.9851
2019-05-11,0.0,6.0,5.0,0.0,0.0,860,76.3,36.4509,5.9851
2019-05-12,0.0,7.0,5.0,0.0,0.0,862,76.3,36.4509,5.9851
2019-05-13,0.0,1.0,5.0,0.0,0.0,864,76.3,36.4509,6.0594
2019-05-14,0.0,2.0,5.0,0.0,0.0,866,76.3,36.4509,6.0306
2019-05-15,0.0,3.0,5.0,0.0,0.0,868,76.3,36.4509,6.0007
2019-05-16,0.0,4.0,5.0,0.0,0.0,870,76.3,36.4509,6.0457
2019-05-17,0.0,5.0,5.0,0.0,0.0,872,76.3,36.4509,6.055
2019-05-18,0.0,6.0,5.0,0.0,0.0,874,76.3,36.4509,6.055
2019-05-19,2.0,7.0,5.0,0.0,0.0,876,76.3,36.4509,6.055
2019-05-20,0.0,1.0,5.0,0.0,0.0,877,76.3,36.4509,6.0272
2019-05-21,0.0,2.0,5.0,0.0,0.0,879,76.3,36.4509,6.0525
2019-05-22,0.0,3.0,5.0,0.0,0.0,880,76.3,36.4509,6.1002
2019-05-23,0.0,4.0,5.0,0.0,0.0,882,76.3,36.4509,6.0964
2019-05-24,0.0,5.0,5.0,0.0,0.0,884,76.3,36.4509,6.0825
2019-05-25,0.0,6.0,5.0,0.0,0.0,886,76.3,36.4509,6.0825
2019-05-26,0.0,7.0,5.0,0.0,0.0,887,76.3,36.4509,6.0825
2019-05-27,0.0,1.0,5.0,0.0,0.0,889,76.3,36.4509,6.0629
2019-05-28,0.0,2.0,5.0,0.0,0.0,889,76.3,36.4509,6.0319
2019-05-29,0.0,3.0,5.0,0.0,0.0,891,76.3,36.4509,6.0121
2019-05-30,0.0,4.0,5.0,0.0,0.0,893,76.3,36.4509,5.8772
2019-05-31,0.0,5.0,5.0,0.0,0.0,894,76.3,36.4509,5.8382
2019-06-01,8.0,6.0,6.0,0.0,0.0,896,77.1,36.4509,5.8382
2019-06-02,8.0,7.0,6.0,0.0,0.0,896,77.1,36.4509,5.8382
2019-06-03,7.0,1.0,6.0,0.0,0.0,897,77.1,36.4509,5.8339
2019-06-04,6.0,2.0,6.0,0.0,0.0,899,77.1,36.4509,5.7824
2019-06-05,5.0,3.0,6.0,0.0,0.0,899,77.1,36.4509,5.731
2019-06-06,5.0,4.0,6.0,0.0,0.0,900,77.1,36.4509,5.7801
2019-06-07,5.0,5.0,6.0,0.0,0.0,902,77.1,36.4509,5.831
2019-06-08,8.0,6.0,6.0,0.0,0.0,902,77.1,36.4509,5.831
2019-06-09,8.0,7.0,6.0,0.0,0.0,903,77.1,36.4509,5.831
2019-06-10,0.0,1.0,6.0,0.0,0.0,903,77.1,36.4509,5.7747
2019-06-11,0.0,2.0,6.0,0.0,0.0,904,77.1,36.4509,5.7976
2019-06-12,0.0,3.0,6.0,0.0,0.0,905,77.1,36.4509,5.808
2019-06-13,0.0,4.0,6.0,0.0,0.0,906,77.1,36.4509,5.8682
2019-06-14,0.0,5.0,6.0,0.0,0.0,906,77.1,36.4509,5.9015
2019-06-15,0.0,6.0,6.0,0.0,0.0,907,77.1,36.4509,5.9015
2019-06-16,0.0,7.0,6.0,0.0,0.0,907,77.1,36.4509,5.9015
2019-06-17,0.0,1.0,6.0,0.0,0.0,908,77.1,36.4509,5.8733
2019-06-18,0.0,2.0,6.0,0.0,0.0,908,77.1,36.4509,5.8284
2019-06-19,0.0,3.0,6.0,0.0,0.0,907,77.1,36.4509,5.7914
2019-06-20,0.0,4.0,6.0,0.0,0.0,907,77.1,36.4509,5.7644
2019-06-21,0.0,5.0,6.0,0.0,0.0,908,77.1,36.4509,5.8214
2019-06-22,0.0,6.0,6.0,0.0,0.0,908,77.1,36.4509,5.8214
2019-06-23,0.0,7.0,6.0,0.0,0.0,908,77.1,36.4509,5.8214
2019-06-24,0.0,1.0,6.0,0.0,0.0,907,77.1,36.4509,5.809
2019-06-25,0.0,2.0,6.0,0.0,0.0,907,77.1,36.4509,5.7949
2019-06-26,0.0,3.0,6.0,0.0,0.0,907,77.1,36.4509,5.7749
2019-06-27,0.0,4.0,6.0,0.0,0.0,906,77.1,36.4509,5.7725
2019-06-28,0.0,5.0,6.0,0.0,0.0,906,77.1,36.4509,5.7921
2019-06-29,0.0,6.0,6.0,0.0,0.0,905,77.1,36.4509,5.7921
2019-06-30,0.0,7.0,6.0,0.0,0.0,905,77.1,36.4509,5.7921
2019-07-01,0.0,1.0,7.0,0.0,0.0,905,76.2,42.2127,5.6507
2019-07-02,0.0,2.0,7.0,0.0,0.0,904,76.2,42.2127,5.6528
2019-07-03,0.0,3.0,7.0,0.0,0.0,904,76.2,42.2127,5.6249
2019-07-04,0.0,4.0,7.0,0.0,0.0,903,76.2,42.2127,5.5953
2019-07-05,0.0,5.0,7.0,0.0,0.0,901,76.2,42.2127,5.6288
2019-07-06,0.0,6.0,7.0,0.0,0.0,901,76.2,42.2127,5.6288
2019-07-07,0.0,7.0,7.0,0.0,0.0,900,76.2,42.2127,5.6288
2019-07-08,0.0,1.0,7.0,0.0,0.0,900,76.2,42.2127,5.7367
2019-07-09,0.0,2.0,7.0,0.0,0.0,898,76.2,42.2127,5.7322
2019-07-10,0.0,3.0,7.0,0.0,0.0,897,76.2,42.2127,5.6741
2019-07-11,0.0,4.0,7.0,0.0,0.0,895,76.2,42.2127,5.6734
2019-07-12,0.0,5.0,7.0,0.0,0.0,895,76.2,42.2127,5.72
2019-07-13,0.0,6.0,7.0,0.0,0.0,893,76.2,42.2127,5.72
2019-07-14,0.0,7.0,7.0,0.0,0.0,892,76.2,42.2127,5.72
2019-07-15,2.0,1.0,7.0,0.0,0.0,890,76.2,42.2127,5.7148
2019-07-16,0.0,2.0,7.0,0.0,0.0,890,76.2,42.2127,5.7118
2019-07-17,0.0,3.0,7.0,0.0,0.0,888,76.2,42.2127,5.6842
2019-07-18,0.0,4.0,7.0,0.0,0.0,886,76.2,42.2127,5.6181
2019-07-19,0.0,5.0,7.0,0.0,0.0,885,76.2,42.2127,5.6551
2019-07-20,0.0,6.0,7.0,0.0,0.0,883,76.2,42.2127,5.6551
2019-07-21,0.0,7.0,7.0,0.0,0.0,882,76.2,42.2127,5.6551
2019-07-22,0.0,1.0,7.0,0.0,0.0,880,76.2,42.2127,5.6770000000000005
2019-07-23,0.0,2.0,7.0,0.0,0.0,879,76.2,42.2127,5.7178
2019-07-24,0.0,3.0,7.0,0.0,0.0,877,76.2,42.2127,5.7085
2019-07-25,0.0,4.0,7.0,0.0,0.0,875,76.2,42.2127,5.7027
2019-07-26,0.0,5.0,7.0,0.0,0.0,873,76.2,42.2127,5.6718
2019-07-27,0.0,6.0,7.0,0.0,0.0,871,76.2,42.2127,5.6718
2019-07-28,0.0,7.0,7.0,0.0,0.0,869,76.2,42.2127,5.6718
2019-07-29,0.0,1.0,7.0,0.0,0.0,867,76.2,42.2127,5.6148
2019-07-30,0.0,2.0,7.0,0.0,0.0,865,76.2,42.2127,5.5597
2019-07-31,0.0,3.0,7.0,0.0,0.0,863,76.2,42.2127,5.5864
2019-08-01,0.0,4.0,8.0,0.0,0.0,861,76.6,42.2127,5.6039
2019-08-02,0.0,5.0,8.0,0.0,0.0,859,76.6,42.2127,5.5597
2019-08-03,0.0,6.0,8.0,0.0,0.0,857,76.6,42.2127,5.5597
2019-08-04,0.0,7.0,8.0,0.0,0.0,855,76.6,42.2127,5.5597
2019-08-05,0.0,1.0,8.0,0.0,0.0,853,76.6,42.2127,5.5715
2019-08-06,0.0,2.0,8.0,0.0,0.0,851,76.6,42.2127,5.5209
2019-08-07,0.0,3.0,8.0,0.0,0.0,849,76.6,42.2127,5.4938
2019-08-08,0.0,4.0,8.0,0.0,0.0,847,76.6,42.2127,5.4782
2019-08-09,0.0,5.0,8.0,0.0,0.0,844,76.6,42.2127,5.4917
2019-08-10,4.0,6.0,8.0,0.0,0.0,842,76.6,42.2127,5.4917
2019-08-11,3.0,7.0,8.0,0.0,0.0,840,76.6,42.2127,5.4917
2019-08-12,3.0,1.0,8.0,0.0,0.0,837,76.6,42.2127,5.564
2019-08-13,3.0,2.0,8.0,0.0,0.0,835,76.6,42.2127,5.5629
2019-08-14,3.0,3.0,8.0,0.0,0.0,833,76.6,42.2127,5.6128
2019-08-15,8.0,4.0,8.0,0.0,0.0,830,76.6,42.2127,5.568
2019-08-16,8.0,5.0,8.0,0.0,0.0,828,76.6,42.2127,5.5785
2019-08-17,8.0,6.0,8.0,0.0,0.0,826,76.6,42.2127,5.5785
2019-08-18,8.0,7.0,8.0,0.0,0.0,823,76.6,42.2127,5.5785
2019-08-19,0.0,1.0,8.0,0.0,0.0,821,76.6,42.2127,5.6609
2019-08-20,0.0,2.0,8.0,0.0,0.0,818,76.6,42.2127,5.729
2019-08-21,0.0,3.0,8.0,0.0,0.0,816,76.6,42.2127,5.7162
2019-08-22,0.0,4.0,8.0,0.0,0.0,813,76.6,42.2127,5.7688
2019-08-23,0.0,5.0,8.0,0.0,0.0,811,76.6,42.2127,5.7599
2019-08-24,0.0,6.0,8.0,0.0,0.0,808,76.6,42.2127,5.7599
2019-08-25,0.0,7.0,8.0,0.0,0.0,806,76.6,42.2127,5.7599
2019-08-26,0.0,1.0,8.0,0.0,0.0,803,76.6,42.2127,5.8252
2019-08-27,0.0,2.0,8.0,0.0,0.0,800,76.6,42.2127,5.8275
2019-08-28,0.0,3.0,8.0,0.0,0.0,798,76.6,42.2127,5.8134
2019-08-29,0.0,4.0,8.0,0.0,0.0,795,76.6,42.2127,5.84
2019-08-30,2.0,5.0,8.0,0.0,0.0,793,76.6,42.2127,5.8306
2019-08-31,8.0,6.0,8.0,0.0,0.0,790,76.6,42.2127,5.8306
2019-09-01,0.0,7.0,9.0,0.0,0.0,787,76.3,42.2127,5.8306
2019-09-02,0.0,1.0,9.0,0.0,0.0,785,76.3,42.2127,5.8068
2019-09-03,0.0,2.0,9.0,0.0,0.0,782,76.3,42.2127,5.7293
2019-09-04,0.0,3.0,9.0,0.0,0.0,780,76.3,42.2127,5.667000000000001
2019-09-05,0.0,4.0,9.0,0.0,0.0,777,76.3,42.2127,5.6917
2019-09-06,0.0,5.0,9.0,0.0,0.0,774,76.3,42.2127,5.7155
2019-09-07,0.0,6.0,9.0,0.0,0.0,772,76.3,42.2127,5.7155
2019-09-08,0.0,7.0,9.0,0.0,0.0,769,76.3,42.2127,5.7155
2019-09-09,0.0,1.0,9.0,0.0,0.0,766,76.3,42.2127,5.75
2019-09-10,0.0,2.0,9.0,0.0,0.0,764,76.3,42.2127,5.7683
2019-09-11,0.0,3.0,9.0,0.0,0.0,761,76.3,42.2127,5.7515
2019-09-12,0.0,4.0,9.0,0.0,0.0,758,76.3,42.2127,5.6566
2019-09-13,0.0,5.0,9.0,0.0,0.0,755,76.3,42.2127,5.6861
2019-09-14,0.0,6.0,9.0,0.0,0.0,753,76.3,42.2127,5.6861
2019-09-15,0.0,7.0,9.0,0.0,0.0,750,76.3,42.2127,5.6861
2019-09-16,0.0,1.0,9.0,0.0,0.0,747,76.3,42.2127,5.729
2019-09-17,0.0,2.0,9.0,0.0,0.0,745,76.3,42.2127,5.7016
2019-09-18,0.0,3.0,9.0,0.0,0.0,742,76.3,42.2127,5.6768
2019-09-19,0.0,4.0,9.0,0.0,0.0,739,76.3,42.2127,5.7187
2019-09-20,0.0,5.0,9.0,0.0,0.0,737,76.3,42.2127,5.7439
2019-09-21,0.0,6.0,9.0,0.0,0.0,734,76.3,42.2127,5.7439
2019-09-22,0.0,7.0,9.0,0.0,0.0,731,76.3,42.2127,5.7439
2019-09-23,0.0,1.0,9.0,0.0,0.0,728,76.3,42.2127,5.7174
2019-09-24,0.0,2.0,9.0,0.0,0.0,726,76.3,42.2127,5.6973
2019-09-25,0.0,3.0,9.0,0.0,0.0,723,76.3,42.2127,5.6706
2019-09-26,0.0,4.0,9.0,0.0,0.0,720,76.3,42.2127,5.6655
2019-09-27,0.0,5.0,9.0,0.0,0.0,718,76.3,42.2127,5.6708
2019-09-28,0.0,6.0,9.0,0.0,0.0,715,76.3,42.2127,5.6708
2019-09-29,0.0,7.0,9.0,0.0,0.0,712,76.3,42.2127,5.6708
2019-09-30,0.0,1.0,9.0,0.0,0.0,710,76.3,42.2127,5.6489
2019-10-01,0.0,2.0,10.0,0.0,0.0,707,76.4,48.7941,5.7231
2019-10-02,0.0,3.0,10.0,0.0,0.0,704,76.4,48.7941,5.702000000000001
2019-10-03,0.0,4.0,10.0,0.0,0.0,702,76.4,48.7941,5.6947
2019-10-04,0.0,5.0,10.0,0.0,0.0,699,76.4,48.7941,5.6962
2019-10-05,0.0,6.0,10.0,0.0,0.0,696,76.4,48.7941,5.6962
2019-10-06,0.0,7.0,10.0,0.0,0.0,694,76.4,48.7941,5.6962
2019-10-07,0.0,1.0,10.0,0.0,0.0,691,76.4,48.7941,5.8328
2019-10-08,0.0,2.0,10.0,0.0,0.0,688,76.4,48.7941,5.8311
2019-10-09,0.0,3.0,10.0,0.0,0.0,685,76.4,48.7941,5.8712
2019-10-10,0.0,4.0,10.0,0.0,0.0,682,76.4,48.7941,5.8365
2019-10-11,0.0,5.0,10.0,0.0,0.0,680,76.4,48.7941,5.8853
2019-10-12,0.0,6.0,10.0,0.0,0.0,677,76.4,48.7941,5.8853
2019-10-13,0.0,7.0,10.0,0.0,0.0,674,76.4,48.7941,5.8853
2019-10-14,0.0,1.0,10.0,0.0,0.0,672,76.4,48.7941,5.9271
2019-10-15,0.0,2.0,10.0,0.0,0.0,669,76.4,48.7941,5.9165
2019-10-16,0.0,3.0,10.0,0.0,0.0,667,76.4,48.7941,5.8870000000000005
2019-10-17,0.0,4.0,10.0,0.0,0.0,664,76.4,48.7941,5.8299
2019-10-18,0.0,5.0,10.0,0.0,0.0,662,76.4,48.7941,5.7919
2019-10-19,0.0,6.0,10.0,0.0,0.0,659,76.4,48.7941,5.7919
2019-10-20,0.0,7.0,10.0,0.0,0.0,657,76.4,48.7941,5.7919
2019-10-21,0.0,1.0,10.0,0.0,0.0,653,76.4,48.7941,5.8582
2019-10-22,0.0,2.0,10.0,0.0,0.0,651,76.4,48.7941,5.8084
2019-10-23,0.0,3.0,10.0,0.0,0.0,648,76.4,48.7941,5.7351
2019-10-24,0.0,4.0,10.0,0.0,0.0,646,76.4,48.7941,5.7647
2019-10-25,0.0,5.0,10.0,0.0,0.0,644,76.4,48.7941,5.7748
2019-10-26,0.0,6.0,10.0,0.0,0.0,641,76.4,48.7941,5.7748
2019-10-27,0.0,7.0,10.0,0.0,0.0,639,76.4,48.7941,5.7748
2019-10-28,7.0,1.0,10.0,0.0,0.0,636,76.4,48.7941,5.7312
2019-10-29,2.0,2.0,10.0,0.0,0.0,633,76.4,48.7941,5.7373
2019-10-30,0.0,3.0,10.0,0.0,0.0,631,76.4,48.7941,5.702000000000001
2019-10-31,0.0,4.0,10.0,0.0,0.0,629,76.4,48.7941,5.712999999999999
2019-11-01,0.0,5.0,11.0,0.0,0.0,626,77.2,48.7941,5.7124
2019-11-02,0.0,6.0,11.0,0.0,0.0,624,77.2,48.7941,5.7124
2019-11-03,0.0,7.0,11.0,0.0,0.0,621,77.2,48.7941,5.7124
2019-11-04,0.0,1.0,11.0,0.0,0.0,619,77.2,48.7941,5.7387
2019-11-05,0.0,2.0,11.0,0.0,0.0,617,77.2,48.7941,5.7533
2019-11-06,0.0,3.0,11.0,0.0,0.0,615,77.2,48.7941,5.7508
2019-11-07,0.0,4.0,11.0,0.0,0.0,613,77.2,48.7941,5.7522
2019-11-08,0.0,5.0,11.0,0.0,0.0,609,77.2,48.7941,5.7668
2019-11-09,0.0,6.0,11.0,0.0,0.0,607,77.2,48.7941,5.7668
2019-11-10,0.0,7.0,11.0,0.0,0.0,605,77.2,48.7941,5.7668
2019-11-11,0.0,1.0,11.0,0.0,0.0,603,77.2,48.7941,5.7733
2019-11-12,0.0,2.0,11.0,0.0,0.0,601,77.2,48.7941,5.7776
2019-11-13,0.0,3.0,11.0,0.0,0.0,599,77.2,48.7941,5.7403
2019-11-14,0.0,4.0,11.0,0.0,0.0,597,77.2,48.7941,5.7477
2019-11-15,0.0,5.0,11.0,0.0,0.0,595,77.2,48.7941,5.7453
2019-11-16,0.0,6.0,11.0,0.0,0.0,593,77.2,48.7941,5.7453
2019-11-17,0.0,7.0,11.0,0.0,0.0,591,77.2,48.7941,5.7453
2019-11-18,0.0,1.0,11.0,0.0,0.0,589,77.2,48.7941,5.7369
2019-11-19,0.0,2.0,11.0,0.0,0.0,587,77.2,48.7941,5.699
2019-11-20,0.0,3.0,11.0,0.0,0.0,585,77.2,48.7941,5.6997
2019-11-21,0.0,4.0,11.0,0.0,0.0,583,77.2,48.7941,5.6966
2019-11-22,0.0,5.0,11.0,0.0,0.0,582,77.2,48.7941,5.7132
2019-11-23,0.0,6.0,11.0,0.0,0.0,580,77.2,48.7941,5.7132
2019-11-24,0.0,7.0,11.0,0.0,0.0,579,77.2,48.7941,5.7132
2019-11-25,0.0,1.0,11.0,0.0,0.0,576,77.2,48.7941,5.7416
2019-11-26,0.0,2.0,11.0,0.0,0.0,574,77.2,48.7941,5.7597
2019-11-27,0.0,3.0,11.0,0.0,0.0,573,77.2,48.7941,5.7779
2019-11-28,0.0,4.0,11.0,0.0,0.0,572,77.2,48.7941,5.7585
2019-11-29,0.0,5.0,11.0,0.0,0.0,570,77.2,48.7941,5.747000000000001
2019-11-30,0.0,6.0,11.0,0.0,0.0,569,77.2,48.7941,5.747000000000001
2019-12-01,0.0,7.0,12.0,0.0,0.0,568,77.0,48.7941,5.747000000000001
2019-12-02,0.0,1.0,12.0,0.0,0.0,566,77.0,48.7941,5.7415
2019-12-03,0.0,2.0,12.0,0.0,0.0,565,77.0,48.7941,5.7431
2019-12-04,0.0,3.0,12.0,0.0,0.0,564,77.0,48.7941,5.7508
2019-12-05,0.0,4.0,12.0,0.0,0.0,563,77.0,48.7941,5.7485
2019-12-06,0.0,5.0,12.0,0.0,0.0,562,77.0,48.7941,5.7766
2019-12-07,0.0,6.0,12.0,0.0,0.0,561,77.0,48.7941,5.7766
2019-12-08,0.0,7.0,12.0,0.0,0.0,560,77.0,48.7941,5.7766
2019-12-09,0.0,1.0,12.0,0.0,0.0,559,77.0,48.7941,5.8113
2019-12-10,0.0,2.0,12.0,0.0,0.0,558,77.0,48.7941,5.8057
2019-12-11,0.0,3.0,12.0,0.0,0.0,558,77.0,48.7941,5.8074
2019-12-12,0.0,4.0,12.0,0.0,0.0,557,77.0,48.7941,5.7914
2019-12-13,0.0,5.0,12.0,0.0,0.0,556,77.0,48.7941,5.8082
2019-12-14,0.0,6.0,12.0,0.0,0.0,555,77.0,48.7941,5.8082
2019-12-15,0.0,7.0,12.0,0.0,0.0,555,77.0,48.7941,5.8082
2019-12-16,0.0,1.0,12.0,0.0,0.0,555,77.0,48.7941,5.8498
2019-12-17,0.0,2.0,12.0,0.0,0.0,554,77.0,48.7941,5.886
2019-12-18,0.0,3.0,12.0,0.0,0.0,554,77.0,48.7941,5.9261
2019-12-19,0.0,4.0,12.0,0.0,0.0,554,77.0,48.7941,5.9417
2019-12-20,0.0,5.0,12.0,0.0,0.0,553,77.0,48.7941,5.94
2019-12-21,0.0,6.0,12.0,0.0,0.0,554,77.0,48.7941,5.94
2019-12-22,0.0,7.0,12.0,0.0,0.0,553,77.0,48.7941,5.94
2019-12-23,0.0,1.0,12.0,0.0,0.0,554,77.0,48.7941,5.9486
2019-12-24,0.0,2.0,12.0,0.0,0.0,553,77.0,48.7941,5.9468
2019-12-25,0.0,3.0,12.0,0.0,0.0,554,77.0,48.7941,5.935
2019-12-26,0.0,4.0,12.0,0.0,0.0,555,77.0,48.7941,5.9335
2019-12-27,0.0,5.0,12.0,0.0,0.0,554,77.0,48.7941,5.9502
2019-12-28,0.0,6.0,12.0,0.0,0.0,555,77.0,48.7941,5.9502
2019-12-29,8.0,7.0,12.0,0.0,0.0,556,77.0,48.7941,5.9502
2019-12-30,0.0,1.0,12.0,0.0,0.0,555,77.0,48.7941,5.9479
2019-12-31,0.0,2.0,12.0,0.0,0.0,556,77.0,48.7941,5.9489
2020-01-01,1.0,3.0,1.0,0.0,0.0,557,75.5,48.7941,5.9466
2020-01-02,0.0,4.0,1.0,0.0,0.0,558,75.5,48.7941,5.9566
2020-01-03,0.0,5.0,1.0,0.0,0.0,559,75.5,48.7941,5.9723
2020-01-04,0.0,6.0,1.0,0.0,0.0,560,75.5,48.7941,5.9723
2020-01-05,0.0,7.0,1.0,0.0,0.0,560,75.5,48.7941,5.9723
2020-01-06,0.0,1.0,1.0,0.0,0.0,561,75.5,48.7941,5.968999999999999
2020-01-07,0.0,2.0,1.0,0.0,0.0,562,75.5,48.7941,5.9727
2020-01-08,0.0,3.0,1.0,0.0,0.0,563,75.5,48.7941,5.9091
2020-01-09,0.0,4.0,1.0,0.0,0.0,564,75.5,48.7941,5.8739
2020-01-10,0.0,5.0,1.0,0.0,0.0,565,75.5,48.7941,5.8777
2020-01-11,0.0,6.0,1.0,0.0,0.0,567,75.5,48.7941,5.8777
2020-01-12,0.0,7.0,1.0,0.0,0.0,569,75.5,48.7941,5.8777
2020-01-13,0.0,1.0,1.0,0.0,0.0,570,75.5,48.7941,5.8671
2020-01-14,0.0,2.0,1.0,0.0,0.0,571,75.5,48.7941,5.8819
2020-01-15,0.0,3.0,1.0,0.0,0.0,573,75.5,48.7941,5.8758
2020-01-16,0.0,4.0,1.0,0.0,0.0,574,75.5,48.7941,5.8597
2020-01-17,0.0,5.0,1.0,0.0,0.0,576,75.5,48.7941,5.8908
2020-01-18,0.0,6.0,1.0,0.0,0.0,577,75.5,48.7941,5.8908
2020-01-19,0.0,7.0,1.0,0.0,0.0,579,75.5,48.7941,5.8908
2020-01-20,0.0,1.0,1.0,0.0,0.0,581,75.5,48.7941,5.9132
2020-01-21,0.0,2.0,1.0,0.0,0.0,583,75.5,48.7941,5.9376
2020-01-22,0.0,3.0,1.0,0.0,0.0,584,75.5,48.7941,5.9222
2020-01-23,0.0,4.0,1.0,0.0,0.0,586,75.5,48.7941,5.9344
2020-01-24,0.0,5.0,1.0,0.0,0.0,588,75.5,48.7941,5.9391
2020-01-25,0.0,6.0,1.0,0.0,1.0,591,75.5,48.7941,5.9391
2020-01-26,0.0,7.0,1.0,0.0,1.0,592,75.5,48.7941,5.9391
2020-01-27,0.0,1.0,1.0,0.0,0.0,594,75.5,48.7941,5.944
2020-01-28,0.0,2.0,1.0,0.0,0.0,596,75.5,48.7941,5.9403
2020-01-29,0.0,3.0,1.0,0.0,0.0,599,75.5,48.7941,5.9567
2020-01-30,0.0,4.0,1.0,0.0,0.0,601,75.5,48.7941,5.9725
2020-01-31,0.0,5.0,1.0,0.0,0.0,603,75.5,48.7941,5.9822
2020-02-01,0.0,6.0,2.0,0.0,0.0,605,76.0,48.7941,5.9822
2020-02-02,0.0,7.0,2.0,0.0,0.0,607,76.0,48.7941,5.9822
2020-02-03,0.0,1.0,2.0,0.0,0.0,610,76.0,48.7941,5.9844
2020-02-04,0.0,2.0,2.0,0.0,0.0,612,76.0,48.7941,5.9801
2020-02-05,0.0,3.0,2.0,0.0,0.0,614,76.0,48.7941,5.9827
2020-02-06,0.0,4.0,2.0,0.0,0.0,616,76.0,48.7941,5.9874
2020-02-07,0.0,5.0,2.0,0.0,0.0,619,76.0,48.7941,6.0153
2020-02-08,0.0,6.0,2.0,0.0,0.0,621,76.0,48.7941,6.0153
2020-02-09,0.0,7.0,2.0,0.0,0.0,623,76.0,48.7941,6.0153
2020-02-10,0.0,1.0,2.0,0.0,0.0,625,76.0,48.7941,6.0108
2020-02-11,0.0,2.0,2.0,0.0,0.0,628,76.0,48.7941,6.0163
2020-02-12,0.0,3.0,2.0,0.0,0.0,631,76.0,48.7941,6.042000000000001
2020-02-13,0.0,4.0,2.0,0.0,0.0,633,76.0,48.7941,6.0405
2020-02-14,0.0,5.0,2.0,0.0,1.0,635,76.0,48.7941,6.0505
2020-02-15,0.0,6.0,2.0,0.0,1.0,639,76.0,48.7941,6.0505
2020-02-16,0.0,7.0,2.0,0.0,1.0,641,76.0,48.7941,6.0505
2020-02-17,0.0,1.0,2.0,0.0,0.0,643,76.0,48.7941,6.0449
2020-02-18,0.0,2.0,2.0,0.0,0.0,646,76.0,48.7941,6.0642
2020-02-19,0.0,3.0,2.0,0.0,1.0,648,76.0,48.7941,6.0823
2020-02-20,0.0,4.0,2.0,0.0,1.0,651,76.0,48.7941,6.1004
2020-02-21,0.0,5.0,2.0,0.0,2.0,654,76.0,48.7941,6.0964
2020-02-22,0.0,6.0,2.0,0.0,1.0,656,76.0,48.7941,6.0964
2020-02-23,0.0,7.0,2.0,0.0,2.0,659,76.0,48.7941,6.0964
2020-02-24,0.0,1.0,2.0,0.0,3.0,661,76.0,48.7941,6.1177
2020-02-25,0.0,2.0,2.0,0.0,3.0,664,76.0,48.7941,6.1441
2020-02-26,0.0,3.0,2.0,0.0,3.0,667,76.0,48.7941,6.159
2020-02-27,0.0,4.0,2.0,0.0,4.0,669,76.0,48.7941,6.2078
2020-02-28,0.0,5.0,2.0,0.0,2.0,672,76.0,48.7941,6.2427
2020-02-29,0.0,6.0,2.0,0.0,2.0,675,76.0,48.7941,6.2427
2020-03-01,0.0,7.0,3.0,0.0,2.0,677,75.3,48.7941,6.2427
2020-03-02,0.0,1.0,3.0,0.0,2.0,681,75.3,48.7941,6.1743
2020-03-03,0.0,2.0,3.0,0.0,2.0,683,75.3,48.7941,6.107
2020-03-04,0.0,3.0,3.0,0.0,3.0,686,75.3,48.7941,6.0773
2020-03-05,0.0,4.0,3.0,0.0,3.0,688,75.3,48.7941,6.1105
2020-03-06,0.0,5.0,3.0,0.0,4.0,691,75.3,48.7941,6.0919
2020-03-07,0.0,6.0,3.0,0.0,4.0,694,75.3,48.7941,6.0919
2020-03-08,0.0,7.0,3.0,0.0,4.0,696,75.3,48.7941,6.0919
2020-03-09,0.0,1.0,3.0,0.0,4.0,699,75.3,48.7941,6.1442
2020-03-10,0.0,2.0,3.0,0.0,10.0,702,75.3,48.7941,6.1575
2020-03-11,0.0,3.0,3.0,0.0,18.0,705,75.3,48.7941,6.2091
2020-03-12,0.0,4.0,3.0,0.0,15.0,708,75.3,48.7941,6.3159
2020-03-13,0.0,5.0,3.0,0.0,21.0,710,75.3,48.7941,6.3321
2020-03-14,0.0,6.0,3.0,0.0,17.0,713,75.3,48.7941,6.3321
2020-03-15,0.0,7.0,3.0,0.0,18.0,716,75.3,48.7941,6.3321
2020-03-16,8.0,1.0,3.0,0.0,32.0,718,75.3,48.7941,6.4315
2020-03-17,8.0,2.0,3.0,0.0,29.0,721,75.3,48.7941,6.3974
2020-03-18,8.0,3.0,3.0,0.0,35.0,724,75.3,48.7941,6.4752
2020-03-19,8.0,4.0,3.0,0.0,40.0,726,75.3,48.7941,6.5439
2020-03-20,8.0,5.0,3.0,0.0,40.0,729,75.3,48.7941,6.5525
2020-03-21,0.0,6.0,3.0,0.0,40.0,733,75.3,48.7941,6.5525
2020-03-22,0.0,7.0,3.0,0.0,40.0,735,75.3,48.7941,6.5525
2020-03-23,0.0,1.0,3.0,0.0,40.0,738,75.3,48.7941,6.5617
2020-03-24,0.0,2.0,3.0,0.0,38.0,741,75.3,48.7941,6.4203
2020-03-25,0.0,3.0,3.0,0.0,42.0,743,75.3,48.7941,6.417000000000001
2020-03-26,0.0,4.0,3.0,0.0,49.0,746,75.3,48.7941,6.3979
2020-03-27,0.0,5.0,3.0,0.0,75.0,749,75.3,48.7941,6.455
2020-03-28,0.0,6.0,3.0,0.0,100.0,751,75.3,48.7941,6.455
2020-03-29,0.0,7.0,3.0,0.0,72.0,754,75.3,48.7941,6.455
2020-03-30,0.0,1.0,3.0,0.0,59.0,757,75.3,48.7941,6.5773
2020-03-31,0.0,2.0,3.0,0.0,62.0,759,75.3,48.7941,6.6143
2020-04-01,0.0,3.0,4.0,0.0,80.51948051948051,762,61.6,48.7941,6.702999999999999
2020-04-02,0.0,4.0,4.0,0.0,62.805194805194816,765,61.6,48.7941,6.6153
2020-04-03,0.0,5.0,4.0,0.0,60.3896103896104,767,61.6,48.7941,6.731
2020-04-04,9.0,6.0,4.0,0.0,69.24675324675326,770,61.6,48.7941,6.731
2020-04-05,0.0,7.0,4.0,0.0,57.168831168831176,774,61.6,48.7941,6.731
2020-04-06,0.0,1.0,4.0,0.0,53.14285714285714,776,61.6,48.7941,6.7815
2020-04-07,0.0,2.0,4.0,0.0,62.0,779,61.6,48.7941,6.754
2020-04-08,0.0,3.0,4.0,0.0,57.168831168831176,781,61.6,48.7941,6.7737
2020-04-09,0.0,4.0,4.0,0.0,49.92207792207793,784,61.6,48.7941,6.6746
2020-04-10,0.0,5.0,4.0,0.0,47.50649350649351,787,61.6,48.7941,6.7001
2020-04-11,9.0,6.0,4.0,2.0,49.116883116883116,789,61.6,48.7941,6.7001
2020-04-12,0.0,7.0,4.0,2.0,45.896103896103895,792,61.6,48.7941,6.7001
2020-04-13,0.0,1.0,4.0,0.0,45.896103896103895,794,61.6,48.7941,6.7721
2020-04-14,0.0,2.0,4.0,0.0,58.77922077922078,797,61.6,48.7941,6.8155
2020-04-15,0.0,3.0,4.0,0.0,48.31168831168832,799,61.6,48.7941,6.9118
2020-04-16,0.0,4.0,4.0,0.0,47.50649350649351,802,61.6,48.7941,6.9397
2020-04-17,0.0,5.0,4.0,0.0,45.09090909090909,804,61.6,48.7941,6.9317
2020-04-18,9.0,6.0,4.0,2.0,46.701298701298704,807,61.6,48.7941,6.9317
2020-04-19,0.0,7.0,4.0,2.0,42.675324675324674,809,61.6,48.7941,6.9317
2020-04-20,0.0,1.0,4.0,0.0,43.480519480519476,812,61.6,48.7941,6.9402
2020-04-21,0.0,2.0,4.0,0.0,36.233766233766225,815,61.6,48.7941,6.9812
2020-04-22,0.0,3.0,4.0,0.0,38.64935064935064,818,61.6,48.7941,6.9787
2020-04-23,2.0,4.0,4.0,2.0,35.42857142857143,820,61.6,48.7941,6.9462
2020-04-24,7.0,5.0,4.0,2.0,33.01298701298701,823,61.6,48.7941,6.9742
2020-04-25,9.0,6.0,4.0,2.0,34.62337662337663,825,61.6,48.7941,6.9742
2020-04-26,0.0,7.0,4.0,2.0,37.03896103896104,828,61.6,48.7941,6.9742
2020-04-27,0.0,1.0,4.0,0.0,37.03896103896104,830,61.6,48.7941,6.9861
2020-04-28,0.0,2.0,4.0,0.0,35.42857142857143,832,61.6,48.7941,6.9868
2020-04-29,0.0,3.0,4.0,0.0,38.64935064935064,835,61.6,48.7941,6.952000000000001
2020-04-30,0.0,4.0,4.0,0.0,35.42857142857143,837,61.6,48.7941,6.9864
2020-05-01,2.0,5.0,5.0,2.0,31.402597402597408,839,62.6,48.7941,7.0120000000000005
2020-05-02,9.0,6.0,5.0,2.0,31.402597402597408,841,62.6,48.7941,7.0120000000000005
2020-05-03,0.0,7.0,5.0,2.0,32.20779220779221,844,62.6,48.7941,7.0120000000000005
2020-05-04,0.0,1.0,5.0,0.0,33.81818181818182,846,62.6,48.7941,7.042999999999999
2020-05-05,0.0,2.0,5.0,0.0,30.59740259740261,848,62.6,48.7941,7.0746
2020-05-06,0.0,3.0,5.0,0.0,27.376623376623375,850,62.6,48.7941,7.1968
2020-05-07,0.0,4.0,5.0,0.0,27.376623376623375,853,62.6,48.7941,7.1195
2020-05-08,0.0,5.0,5.0,0.0,28.98701298701299,855,62.6,48.7941,7.084
2020-05-09,9.0,6.0,5.0,2.0,28.181818181818183,857,62.6,48.7941,7.084
2020-05-10,0.0,7.0,5.0,2.0,24.961038961038962,859,62.6,48.7941,7.084
2020-05-11,0.0,1.0,5.0,0.0,33.81818181818182,861,62.6,48.7941,7.0762
2020-05-12,0.0,2.0,5.0,0.0,38.64935064935064,863,62.6,48.7941,6.9971
2020-05-13,0.0,3.0,5.0,0.0,32.20779220779221,865,62.6,48.7941,6.9748
2020-05-14,0.0,4.0,5.0,0.0,29.792207792207797,867,62.6,48.7941,6.922000000000001
2020-05-15,0.0,5.0,5.0,0.0,30.59740259740261,869,62.6,48.7941,6.9012
2020-05-16,9.0,6.0,5.0,2.0,25.766233766233768,871,62.6,48.7941,6.9012
2020-05-17,0.0,7.0,5.0,2.0,25.766233766233768,873,62.6,48.7941,6.9012
2020-05-18,7.0,1.0,5.0,2.0,28.181818181818183,875,62.6,48.7941,6.8851
2020-05-19,2.0,2.0,5.0,2.0,22.54545454545455,877,62.6,48.7941,6.7775
2020-05-20,0.0,3.0,5.0,0.0,28.181818181818183,878,62.6,48.7941,6.7912
2020-05-21,0.0,4.0,5.0,0.0,27.376623376623375,880,62.6,48.7941,6.7916
2020-05-22,0.0,5.0,5.0,0.0,24.961038961038962,882,62.6,48.7941,6.8147
2020-05-23,6.0,6.0,5.0,2.0,23.350649350649352,884,62.6,48.7941,6.8147
2020-05-24,5.0,7.0,5.0,2.0,23.350649350649352,885,62.6,48.7941,6.8147
2020-05-25,5.0,1.0,5.0,2.0,28.98701298701299,887,62.6,48.7941,6.81
2020-05-26,5.0,2.0,5.0,2.0,28.98701298701299,888,62.6,48.7941,6.7275
2020-05-27,0.0,3.0,5.0,0.0,29.792207792207797,889,62.6,48.7941,6.7739
2020-05-28,0.0,4.0,5.0,0.0,27.376623376623375,891,62.6,48.7941,6.8138
2020-05-29,0.0,5.0,5.0,0.0,27.376623376623375,892,62.6,48.7941,6.8202
2020-05-30,9.0,6.0,5.0,2.0,30.59740259740261,894,62.6,48.7941,6.8202
2020-05-31,0.0,7.0,5.0,2.0,28.98701298701299,894,62.6,48.7941,6.8202
2020-06-01,0.0,1.0,6.0,0.0,34.62337662337663,896,66.0,48.7941,6.8142
2020-06-02,0.0,2.0,6.0,0.0,33.01298701298701,897,66.0,48.7941,6.7145
2020-06-03,0.0,3.0,6.0,0.0,33.01298701298701,899,66.0,48.7941,6.744
2020-06-04,0.0,4.0,6.0,0.0,29.792207792207797,899,66.0,48.7941,6.7558
2020-06-05,0.0,5.0,6.0,0.0,28.181818181818183,900,66.0,48.7941,6.77
2020-06-06,0.0,6.0,6.0,0.0,27.376623376623375,902,66.0,48.7941,6.77
2020-06-07,0.0,7.0,6.0,0.0,28.181818181818183,902,66.0,48.7941,6.77
2020-06-08,0.0,1.0,6.0,0.0,33.81818181818182,903,66.0,48.7941,6.7876
2020-06-09,0.0,2.0,6.0,0.0,31.402597402597408,903,66.0,48.7941,6.7973
2020-06-10,0.0,3.0,6.0,0.0,30.59740259740261,904,66.0,48.7941,6.7768
2020-06-11,0.0,4.0,6.0,0.0,28.98701298701299,905,66.0,48.7941,6.8414
2020-06-12,0.0,5.0,6.0,0.0,30.59740259740261,906,66.0,48.7941,6.8126
2020-06-13,0.0,6.0,6.0,0.0,32.20779220779221,906,66.0,48.7941,6.8126
2020-06-14,0.0,7.0,6.0,0.0,36.233766233766225,907,66.0,48.7941,6.8126
2020-06-15,0.0,1.0,6.0,0.0,40.259740259740255,907,66.0,48.7941,6.8363
2020-06-16,0.0,2.0,6.0,0.0,37.03896103896104,907,66.0,48.7941,6.8439
2020-06-17,0.0,3.0,6.0,0.0,37.03896103896104,908,66.0,48.7941,6.8448
2020-06-18,0.0,4.0,6.0,0.0,32.20779220779221,907,66.0,48.7941,6.8562
2020-06-19,0.0,5.0,6.0,0.0,27.376623376623375,907,66.0,48.7941,6.8531
2020-06-20,0.0,6.0,6.0,0.0,27.376623376623375,908,66.0,48.7941,6.8531
2020-06-21,0.0,7.0,6.0,0.0,26.57142857142857,908,66.0,48.7941,6.8531
2020-06-22,0.0,1.0,6.0,0.0,29.792207792207797,908,66.0,48.7941,6.8483
2020-06-23,0.0,2.0,6.0,0.0,28.181818181818183,907,66.0,48.7941,6.8511
2020-06-24,0.0,3.0,6.0,0.0,28.181818181818183,907,66.0,48.7941,6.8558
2020-06-25,0.0,4.0,6.0,0.0,33.81818181818182,907,66.0,48.7941,6.8549
2020-06-26,0.0,5.0,6.0,0.0,30.59740259740261,906,66.0,48.7941,6.8546
2020-06-27,0.0,6.0,6.0,0.0,27.376623376623375,906,66.0,48.7941,6.8546
2020-06-28,0.0,7.0,6.0,0.0,25.766233766233768,906,66.0,48.7941,6.8546
2020-06-29,0.0,1.0,6.0,0.0,28.98701298701299,905,66.0,48.7941,6.8548
2020-06-30,0.0,2.0,6.0,0.0,25.85328185328185,905,66.0,48.7941,6.8525
2020-07-01,0.0,3.0,7.0,0.0,25.06984906984907,904,70.7,48.7941,6.8479
2020-07-02,0.0,4.0,7.0,0.0,27.420147420147423,904,70.7,48.7941,6.851
2020-07-03,0.0,5.0,7.0,0.0,25.85328185328185,903,70.7,48.7941,6.8623
2020-07-04,0.0,6.0,7.0,0.0,25.06984906984907,903,70.7,48.7941,6.8623
2020-07-05,0.0,7.0,7.0,0.0,23.502983502983504,901,70.7,48.7941,6.8623
2020-07-06,0.0,1.0,7.0,0.0,25.85328185328185,900,70.7,48.7941,6.8609
2020-07-07,0.0,2.0,7.0,0.0,22.719550719550718,900,70.7,48.7941,6.8595
2020-07-08,0.0,3.0,7.0,0.0,25.06984906984907,898,70.7,48.7941,6.8605
2020-07-09,0.0,4.0,7.0,0.0,25.06984906984907,897,70.7,48.7941,6.8619
2020-07-10,0.0,5.0,7.0,0.0,23.502983502983504,896,70.7,48.7941,6.8658
2020-07-11,0.0,6.0,7.0,0.0,24.286416286416287,895,70.7,48.7941,6.8658
2020-07-12,0.0,7.0,7.0,0.0,23.502983502983504,893,70.7,48.7941,6.8658
2020-07-13,0.0,1.0,7.0,0.0,22.719550719550718,892,70.7,48.7941,6.8602
2020-07-14,0.0,2.0,7.0,0.0,28.98701298701299,891,70.7,48.7941,6.8642
2020-07-15,2.0,3.0,7.0,0.0,28.2035802035802,890,70.7,48.7941,6.8558
2020-07-16,0.0,4.0,7.0,0.0,27.420147420147423,888,70.7,48.7941,6.8572
2020-07-17,0.0,5.0,7.0,0.0,27.420147420147423,886,70.7,48.7941,6.8587
2020-07-18,0.0,6.0,7.0,0.0,26.63671463671464,885,70.7,48.7941,6.8587
2020-07-19,0.0,7.0,7.0,0.0,24.286416286416287,884,70.7,48.7941,6.8587
2020-07-20,0.0,1.0,7.0,0.0,27.420147420147423,882,70.7,48.7941,6.8578
2020-07-21,0.0,2.0,7.0,0.0,31.33731133731133,881,70.7,48.7941,6.8254
2020-07-22,0.0,3.0,7.0,0.0,34.47104247104247,879,70.7,48.7941,6.8506
2020-07-23,0.0,4.0,7.0,0.0,28.98701298701299,877,70.7,48.7941,6.8439
2020-07-24,0.0,5.0,7.0,0.0,27.420147420147423,875,70.7,48.7941,6.8484
2020-07-25,0.0,6.0,7.0,0.0,29.77044577044577,873,70.7,48.7941,6.8484
2020-07-26,0.0,7.0,7.0,0.0,29.77044577044577,871,70.7,48.7941,6.8484
2020-07-27,0.0,1.0,7.0,0.0,27.420147420147423,869,70.7,48.7941,6.8625
2020-07-28,0.0,2.0,7.0,0.0,29.77044577044577,867,70.7,48.7941,6.9355
2020-07-29,0.0,3.0,7.0,0.0,29.77044577044577,866,70.7,48.7941,6.983
2020-07-30,4.0,4.0,7.0,0.0,29.77044577044577,864,70.7,48.7941,6.9955
2020-07-31,3.0,5.0,7.0,0.0,28.2035802035802,862,70.7,48.7941,6.972
2020-08-01,3.0,6.0,8.0,0.0,36.82134082134082,860,73.3,48.7941,6.972
2020-08-02,3.0,7.0,8.0,0.0,41.521937521937524,858,73.3,48.7941,6.972
2020-08-03,3.0,1.0,8.0,0.0,39.17163917163917,856,73.3,48.7941,6.9578
2020-08-04,0.0,2.0,8.0,0.0,46.222534222534215,854,73.3,48.7941,6.9008
2020-08-05,0.0,3.0,8.0,0.0,47.78939978939979,851,73.3,48.7941,7.0476
2020-08-06,0.0,4.0,8.0,0.0,50.923130923130934,849,73.3,48.7941,7.2389
2020-08-07,0.0,5.0,8.0,0.0,43.87223587223588,847,73.3,48.7941,7.2941
2020-08-08,0.0,6.0,8.0,0.0,43.08880308880309,845,73.3,48.7941,7.2941
2020-08-09,0.0,7.0,8.0,0.0,44.655668655668656,842,73.3,48.7941,7.2941
2020-08-10,0.0,1.0,8.0,0.0,48.572832572832574,840,73.3,48.7941,7.3329
2020-08-11,0.0,2.0,8.0,0.0,49.35626535626536,838,73.3,48.7941,7.2025
2020-08-12,0.0,3.0,8.0,0.0,50.923130923130934,835,73.3,48.7941,7.3282
2020-08-13,0.0,4.0,8.0,0.0,47.00596700596701,833,73.3,48.7941,7.3354
2020-08-14,0.0,5.0,8.0,0.0,48.572832572832574,831,73.3,48.7941,7.3664
2020-08-15,0.0,6.0,8.0,0.0,46.222534222534215,828,73.3,48.7941,7.3664
2020-08-16,0.0,7.0,8.0,0.0,47.00596700596701,826,73.3,48.7941,7.3664
2020-08-17,0.0,1.0,8.0,0.0,46.222534222534215,823,73.3,48.7941,7.3787
2020-08-18,0.0,2.0,8.0,0.0,50.923130923130934,821,73.3,48.7941,7.3696
2020-08-19,0.0,3.0,8.0,0.0,52.48999648999649,819,73.3,48.7941,7.2905
2020-08-20,0.0,4.0,8.0,0.0,48.572832572832574,816,73.3,48.7941,7.2938
2020-08-21,0.0,5.0,8.0,0.0,48.572832572832574,814,73.3,48.7941,7.3365
2020-08-22,0.0,6.0,8.0,0.0,48.572832572832574,811,73.3,48.7941,7.3365
2020-08-23,0.0,7.0,8.0,0.0,50.13969813969814,809,73.3,48.7941,7.3365
2020-08-24,0.0,1.0,8.0,0.0,53.27342927342927,806,73.3,48.7941,7.3768
2020-08-25,0.0,2.0,8.0,0.0,54.840294840294845,803,73.3,48.7941,7.3893
2020-08-26,0.0,3.0,8.0,0.0,50.923130923130934,801,73.3,48.7941,7.3662
2020-08-27,0.0,4.0,8.0,0.0,57.19059319059318,798,73.3,48.7941,7.3587
2020-08-28,0.0,5.0,8.0,0.0,52.48999648999649,796,73.3,48.7941,7.3329
2020-08-29,0.0,6.0,8.0,0.0,50.923130923130934,793,73.3,48.7941,7.3329
2020-08-30,2.0,7.0,8.0,0.0,47.00596700596701,790,73.3,48.7941,7.3329
2020-08-31,0.0,1.0,8.0,0.0,50.923130923130934,788,73.3,48.7941,7.3466
2020-09-01,0.0,2.0,9.0,0.0,48.572832572832574,785,74.6,48.7941,7.3652
2020-09-02,0.0,3.0,9.0,0.0,78.34327834327834,783,74.6,48.7941,7.3822
2020-09-03,0.0,4.0,9.0,0.0,68.15865215865216,780,74.6,48.7941,7.4335
2020-09-04,0.0,5.0,9.0,0.0,65.80835380835381,777,74.6,48.7941,7.4331
2020-09-05,0.0,6.0,9.0,0.0,61.10775710775711,775,74.6,48.7941,7.4331
2020-09-06,0.0,7.0,9.0,0.0,62.674622674622675,772,74.6,48.7941,7.4331
2020-09-07,0.0,1.0,9.0,0.0,71.29238329238329,769,74.6,48.7941,7.4542
2020-09-08,0.0,2.0,9.0,0.0,62.674622674622675,767,74.6,48.7941,7.4817
2020-09-09,0.0,3.0,9.0,0.0,54.840294840294845,764,74.6,48.7941,7.4848
2020-09-10,0.0,4.0,9.0,0.0,62.674622674622675,761,74.6,48.7941,7.4481
2020-09-11,0.0,5.0,9.0,0.0,55.62372762372762,759,74.6,48.7941,7.4724
2020-09-12,0.0,6.0,9.0,0.0,51.7065637065637,756,74.6,48.7941,7.4724
2020-09-13,0.0,7.0,9.0,0.0,50.13969813969814,753,74.6,48.7941,7.4724
2020-09-14,0.0,1.0,9.0,0.0,51.7065637065637,750,74.6,48.7941,7.484
2020-09-15,0.0,2.0,9.0,0.0,51.7065637065637,748,74.6,48.7941,7.4854
2020-09-16,0.0,3.0,9.0,0.0,57.19059319059318,745,74.6,48.7941,7.5054
2020-09-17,0.0,4.0,9.0,0.0,53.27342927342927,742,74.6,48.7941,7.5464
2020-09-18,0.0,5.0,9.0,0.0,51.7065637065637,740,74.6,48.7941,7.5563
2020-09-19,0.0,6.0,9.0,0.0,44.655668655668656,737,74.6,48.7941,7.5563
2020-09-20,0.0,7.0,9.0,0.0,42.305370305370296,734,74.6,48.7941,7.5563
2020-09-21,0.0,1.0,9.0,0.0,42.305370305370296,732,74.6,48.7941,7.6299
2020-09-22,0.0,2.0,9.0,0.0,39.95507195507196,729,74.6,48.7941,7.6619
2020-09-23,0.0,3.0,9.0,0.0,38.38820638820639,726,74.6,48.7941,7.6967
2020-09-24,0.0,4.0,9.0,0.0,38.38820638820639,723,74.6,48.7941,7.6216
2020-09-25,0.0,5.0,9.0,0.0,39.17163917163917,721,74.6,48.7941,7.6607
2020-09-26,0.0,6.0,9.0,0.0,36.82134082134082,718,74.6,48.7941,7.6607
2020-09-27,0.0,7.0,9.0,0.0,32.12074412074412,715,74.6,48.7941,7.6607
2020-09-28,0.0,1.0,9.0,0.0,34.65659234080287,713,74.6,48.7941,7.8024
2020-09-29,0.0,2.0,9.0,0.0,32.12074412074412,710,74.6,48.7941,7.8139
2020-09-30,0.0,3.0,9.0,0.0,36.347157820842035,707,74.6,48.7941,7.7157
2020-10-01,0.0,4.0,10.0,0.0,33.81130960078329,705,75.4,51.7407,7.75
2020-10-02,0.0,5.0,10.0,0.0,36.347157820842035,702,75.4,51.7407,7.7708
2020-10-03,0.0,6.0,10.0,0.0,28.739613160665805,699,75.4,51.7407,7.7708
2020-10-04,0.0,7.0,10.0,0.0,28.739613160665805,697,75.4,51.7407,7.7708
2020-10-05,0.0,1.0,10.0,0.0,28.739613160665805,694,75.4,51.7407,7.7599
2020-10-06,0.0,2.0,10.0,0.0,27.89433042064621,691,75.4,51.7407,7.7931
2020-10-07,0.0,3.0,10.0,0.0,27.049047680626632,689,75.4,51.7407,7.8808
2020-10-08,0.0,4.0,10.0,0.0,28.739613160665805,686,75.4,51.7407,7.9406
2020-10-09,0.0,5.0,10.0,0.0,28.739613160665805,684,75.4,51.7407,7.8566
2020-10-10,0.0,6.0,10.0,0.0,31.27546138072454,681,75.4,51.7407,7.8566
2020-10-11,0.0,7.0,10.0,0.0,30.43017864070497,678,75.4,51.7407,7.8566
2020-10-12,0.0,1.0,10.0,0.0,29.58489590068537,675,75.4,51.7407,7.8879
2020-10-13,0.0,2.0,10.0,0.0,31.27546138072454,672,75.4,51.7407,7.9146
2020-10-14,0.0,3.0,10.0,0.0,32.966026860763705,670,75.4,51.7407,7.9084
2020-10-15,0.0,4.0,10.0,0.0,35.50187508082245,667,75.4,51.7407,7.931
2020-10-16,0.0,5.0,10.0,0.0,38.037723300881204,665,75.4,51.7407,7.9304
2020-10-17,0.0,6.0,10.0,0.0,34.65659234080287,662,75.4,51.7407,7.9304
2020-10-18,0.0,7.0,10.0,0.0,38.037723300881204,660,75.4,51.7407,7.9304
2020-10-19,0.0,1.0,10.0,0.0,36.347157820842035,657,75.4,51.7407,7.8797
2020-10-20,0.0,2.0,10.0,0.0,40.573571520939936,655,75.4,51.7407,7.8609
2020-10-21,0.0,3.0,10.0,0.0,38.88300604090078,652,75.4,51.7407,7.8081
2020-10-22,0.0,4.0,10.0,0.0,38.88300604090078,649,75.4,51.7407,7.9329
2020-10-23,0.0,5.0,10.0,0.0,48.18111618111618,646,75.4,51.7407,7.961
2020-10-24,0.0,6.0,10.0,0.0,46.49055070107702,644,75.4,51.7407,7.961
2020-10-25,0.0,7.0,10.0,0.0,43.95470248101827,642,75.4,51.7407,7.961
2020-10-26,0.0,1.0,10.0,0.0,47.33583344109661,639,75.4,51.7407,8.0797
2020-10-27,0.0,2.0,10.0,0.0,49.026398921135765,637,75.4,51.7407,8.1854
2020-10-28,0.0,3.0,10.0,0.0,49.87168166115535,634,75.4,51.7407,8.2559
2020-10-29,2.0,4.0,10.0,0.0,46.49055070107702,631,75.4,51.7407,8.2881
2020-10-30,7.0,5.0,10.0,0.0,41.41885426095953,629,75.4,51.7407,8.3448
2020-10-31,0.0,6.0,10.0,0.0,44.79998522103786,627,75.4,51.7407,8.3448
2020-11-01,0.0,7.0,11.0,0.0,48.18111618111618,625,75.8,51.7407,8.3448
2020-11-02,0.0,1.0,11.0,0.0,42.26413700097911,622,75.8,51.7407,8.419
2020-11-03,0.0,2.0,11.0,0.0,47.33583344109661,619,75.8,51.7407,8.4016
2020-11-04,0.0,3.0,11.0,0.0,43.95470248101827,617,75.8,51.7407,8.4251
2020-11-05,0.0,4.0,11.0,0.0,48.18111618111618,615,75.8,51.7407,8.4202
2020-11-06,0.0,5.0,11.0,0.0,49.026398921135765,613,75.8,51.7407,8.52
2020-11-07,0.0,6.0,11.0,0.0,46.49055070107702,611,75.8,51.7407,8.52
2020-11-08,0.0,7.0,11.0,0.0,45.645267961057435,608,75.8,51.7407,8.52
2020-11-09,0.0,1.0,11.0,0.0,46.49055070107702,606,75.8,51.7407,8.0634
2020-11-10,0.0,2.0,11.0,0.0,54.94337810127284,604,75.8,51.7407,8.1446
2020-11-11,0.0,3.0,11.0,0.0,54.94337810127284,602,75.8,51.7407,7.7966
2020-11-12,0.0,4.0,11.0,0.0,58.32450906135117,600,75.8,51.7407,7.6869
2020-11-13,0.0,5.0,11.0,0.0,65.93205372152741,598,75.8,51.7407,7.6602
2020-11-14,0.0,6.0,11.0,0.0,59.169791801370756,595,75.8,51.7407,7.6602
2020-11-15,0.0,7.0,11.0,0.0,59.169791801370756,593,75.8,51.7407,7.6602
2020-11-16,0.0,1.0,11.0,0.0,63.39620550146866,591,75.8,51.7407,7.6976
2020-11-17,0.0,2.0,11.0,0.0,76.92072934178199,590,75.8,51.7407,7.6962
2020-11-18,0.0,3.0,11.0,0.0,72.69431564168407,588,75.8,51.7407,7.704
2020-11-19,0.0,4.0,11.0,0.0,73.53959838170364,585,75.8,51.7407,7.5507
2020-11-20,0.0,5.0,11.0,0.0,73.53959838170364,583,75.8,51.7407,7.6323
2020-11-21,0.0,6.0,11.0,0.0,66.77733646154701,582,75.8,51.7407,7.6323
2020-11-22,0.0,7.0,11.0,0.0,68.46790194158615,580,75.8,51.7407,7.6323
2020-11-23,0.0,1.0,11.0,0.0,64.24148824148824,579,75.8,51.7407,7.881
2020-11-24,0.0,2.0,11.0,0.0,60.01507454139034,577,75.8,51.7407,7.9982
2020-11-25,0.0,3.0,11.0,0.0,84.5282740019582,576,75.8,51.7407,7.9297
2020-11-26,0.0,4.0,11.0,0.0,73.53959838170364,574,75.8,51.7407,7.8691
2020-11-27,0.0,5.0,11.0,0.0,63.39620550146866,572,75.8,51.7407,7.8332
2020-11-28,0.0,6.0,11.0,0.0,70.15846742162532,570,75.8,51.7407,7.8332
2020-11-29,0.0,7.0,11.0,0.0,64.24148824148824,569,75.8,51.7407,7.8332
2020-11-30,0.0,1.0,11.0,0.0,68.46790194158615,568,75.8,51.7407,7.8284
2020-12-01,0.0,2.0,12.0,0.0,59.169791801370756,566,75.6,51.7407,7.8248
2020-12-02,0.0,3.0,12.0,0.0,56.633943581311996,565,75.6,51.7407,7.8502
2020-12-03,0.0,4.0,12.0,0.0,59.169791801370756,564,75.6,51.7407,7.7665
2020-12-04,0.0,5.0,12.0,0.0,53.25281262123367,563,75.6,51.7407,7.7981
2020-12-05,0.0,6.0,12.0,2.0,50.71696440117493,562,75.6,51.7407,7.7981
2020-12-06,0.0,7.0,12.0,2.0,53.25281262123367,561,75.6,51.7407,7.7981
2020-12-07,0.0,1.0,12.0,0.0,53.25281262123367,560,75.6,51.7407,7.7973
2020-12-08,0.0,2.0,12.0,0.0,45.645267961057435,560,75.6,51.7407,7.8055
2020-12-09,0.0,3.0,12.0,0.0,50.71696440117493,559,75.6,51.7407,7.8156
2020-12-10,0.0,4.0,12.0,0.0,47.33583344109661,558,75.6,51.7407,7.8864
2020-12-11,0.0,5.0,12.0,0.0,45.645267961057435,557,75.6,51.7407,7.8562
2020-12-12,0.0,6.0,12.0,2.0,42.26413700097911,556,75.6,51.7407,7.8562
2020-12-13,0.0,7.0,12.0,2.0,41.41885426095953,555,75.6,51.7407,7.8562
2020-12-14,0.0,1.0,12.0,0.0,42.26413700097911,555,75.6,51.7407,7.8483
2020-12-15,0.0,2.0,12.0,0.0,40.573571520939936,555,75.6,51.7407,7.83
2020-12-16,0.0,3.0,12.0,0.0,40.573571520939936,554,75.6,51.7407,7.7949
2020-12-17,0.0,4.0,12.0,0.0,36.347157820842035,554,75.6,51.7407,7.6959
2020-12-18,0.0,5.0,12.0,0.0,35.50187508082245,554,75.6,51.7407,7.6239
2020-12-19,0.0,6.0,12.0,2.0,32.966026860763705,553,75.6,51.7407,7.6239
2020-12-20,0.0,7.0,12.0,2.0,45.645267961057435,554,75.6,51.7407,7.6239
2020-12-21,0.0,1.0,12.0,0.0,44.79998522103786,553,75.6,51.7407,7.6491
2020-12-22,0.0,2.0,12.0,0.0,38.037723300881204,554,75.6,51.7407,7.657
2020-12-23,0.0,3.0,12.0,0.0,31.27546138072454,553,75.6,51.7407,7.6361
2020-12-24,0.0,4.0,12.0,0.0,31.27546138072454,554,75.6,51.7407,7.5747
2020-12-25,0.0,5.0,12.0,0.0,29.58489590068537,554,75.6,51.7407,7.547000000000001
2020-12-26,0.0,6.0,12.0,2.0,27.89433042064621,554,75.6,51.7407,7.547000000000001
2020-12-27,0.0,7.0,12.0,2.0,32.64230155607535,555,75.6,51.7407,7.547000000000001
2020-12-28,0.0,1.0,12.0,0.0,29.674819596432144,555,75.6,51.7407,7.4416
2020-12-29,0.0,2.0,12.0,0.0,29.081323204503487,555,75.6,51.7407,7.3815
2020-12-30,0.0,3.0,12.0,0.0,26.707337636788925,556,75.6,51.7407,7.3774
2020-12-31,0.0,4.0,12.0,0.0,22.55286289328843,557,75.6,51.7407,7.4392
2021-01-01,1.0,5.0,1.0,2.0,29.674819596432144,558,75.4,55.1544,7.4392
2021-01-02,0.0,6.0,1.0,2.0,27.30083402871757,558,75.4,55.1544,7.4392
2021-01-03,0.0,7.0,1.0,2.0,29.674819596432144,559,75.4,55.1544,7.4392
2021-01-04,0.0,1.0,1.0,1.0,25.520344852931643,560,75.4,55.1544,7.4198
2021-01-05,0.0,2.0,1.0,1.0,26.707337636788925,561,75.4,55.1544,7.3856
2021-01-06,0.0,3.0,1.0,1.0,24.926848461002997,562,75.4,55.1544,7.3047
2021-01-07,0.0,4.0,1.0,1.0,23.14635928521707,563,75.4,55.1544,7.3149
2021-01-08,0.0,5.0,1.0,1.0,24.333352069074355,564,75.4,55.1544,7.3713
2021-01-09,0.0,6.0,1.0,2.0,22.55286289328843,565,75.4,55.1544,7.3713
2021-01-10,0.0,7.0,1.0,2.0,22.55286289328843,567,75.4,55.1544,7.3713
2021-01-11,0.0,1.0,1.0,1.0,24.333352069074355,568,75.4,55.1544,7.4733
2021-01-12,0.0,2.0,1.0,1.0,24.926848461002997,569,75.4,55.1544,7.4482
2021-01-13,0.0,3.0,1.0,1.0,31.45530877221807,570,75.4,55.1544,7.3934
2021-01-14,0.0,4.0,1.0,1.0,59.34963919286429,573,75.4,55.1544,7.3699
2021-01-15,0.0,5.0,1.0,1.0,52.82117888164921,574,75.4,55.1544,7.4733
2021-01-16,0.0,6.0,1.0,2.0,40.951251043076354,576,75.4,55.1544,7.4733
2021-01-17,0.0,7.0,1.0,2.0,41.0,577,75.4,55.1544,7.4733
2021-01-18,0.0,1.0,1.0,1.0,49.48275862068965,579,75.4,55.1544,7.4768
2021-01-19,0.0,2.0,1.0,1.0,70.6896551724138,580,75.4,55.1544,7.4691
2021-01-20,0.0,3.0,1.0,1.0,51.603448275862064,582,75.4,55.1544,7.4169
2021-01-21,0.0,4.0,1.0,1.0,40.293103448275865,584,75.4,55.1544,7.3636
2021-01-22,0.0,5.0,1.0,1.0,45.095495017801454,586,75.4,55.1544,7.4106
2021-01-23,0.0,6.0,1.0,2.0,35.99864171089861,588,75.4,55.1544,7.4106
2021-01-24,0.0,7.0,1.0,2.0,35.1893260573456,589,75.4,55.1544,7.4106
2021-01-25,0.0,1.0,1.0,1.0,41.534239039319495,592,75.4,55.1544,7.404
2021-01-26,0.0,2.0,1.0,1.0,28.96779262120448,594,75.4,55.1544,7.3429
2021-01-27,0.0,3.0,1.0,1.0,37.21306929106118,596,75.4,55.1544,7.3918
2021-01-28,0.0,4.0,1.0,1.0,38.97560987356174,598,75.4,55.1544,7.3324
2021-01-29,0.0,5.0,1.0,1.0,30.62915096502609,599,75.4,55.1544,7.3099
2021-01-30,0.0,6.0,1.0,2.0,26.73553874373465,602,75.4,55.1544,7.3099
2021-01-31,0.0,7.0,1.0,2.0,26.15801514132825,604,75.4,55.1544,7.3099
2021-02-01,0.0,1.0,2.0,1.0,30.36287592185472,606,75.5,55.1544,7.1883
2021-02-02,0.0,2.0,2.0,1.0,22.886392722438263,608,75.5,55.1544,7.1917
2021-02-03,0.0,3.0,2.0,1.0,30.775823,611,75.5,55.1544,7.157
2021-02-04,0.0,4.0,2.0,1.0,25.652365325414056,613,75.5,55.1544,7.1333
2021-02-05,0.0,5.0,2.0,1.0,23.891353024325326,615,75.5,55.1544,7.0488
2021-02-06,0.0,6.0,2.0,2.0,20.831795630752975,618,75.5,55.1544,7.0488
2021-02-07,0.0,7.0,2.0,2.0,23.566295119877505,621,75.5,55.1544,7.0488
2021-02-08,0.0,1.0,2.0,1.0,24.737104686342754,623,75.5,55.1544,7.0671
2021-02-09,0.0,2.0,2.0,1.0,23.416191329305033,625,75.5,55.1544,7.0581
2021-02-10,0.0,3.0,2.0,1.0,24.887208476915216,627,75.5,55.1544,7.0528
2021-02-11,0.0,4.0,2.0,1.0,30.801297825470467,630,75.5,55.1544,7.0235
2021-02-12,0.0,5.0,2.0,1.0,34.133601976179264,633,75.5,55.1544,7.0369
2021-02-13,0.0,6.0,2.0,2.0,22.33544403718326,635,75.5,55.1544,7.0369
2021-02-14,0.0,7.0,2.0,2.0,22.33544403718326,637,75.5,55.1544,7.0369
