"","Date","Hour","Consumption","T_1","T_2","T_3","T_4","T_5","T_6","T_7"
"1",2021-01-08,0,34126.16,3.15,12.06,11.73,4.8,8.39,5.2,13.42
"2",2021-01-08,1,32351.64,2.68,11.7,11.54,4.72,8.12,5.38,13.28
"3",2021-01-08,2,31140.53,2.56,11.43,11.35,4.72,7.62,5.68,13.12
"4",2021-01-08,3,30302.51,2.22,11.23,11.16,3.77,7.36,5.32,12.83
"5",2021-01-08,4,30075.62,2.29,11.23,10.9,3.44,7.41,4.78,12.95
"6",2021-01-08,5,30347.68,1.69,11.05,10.89,3.24,7.38,5.01,12.94
"7",2021-01-08,6,31101.79,1.31,10.95,10.82,3.26,7.44,4.5,13.01
"8",2021-01-08,7,32975.35,1.29,10.74,10.75,3.17,7.48,4.43,13.02
"9",2021-01-08,8,37185.37,1.15,10.38,10.8,2.97,7.41,4.37,12.7
"10",2021-01-08,9,40458.96,3.74,11.67,11.08,4.32,7.5,5.44,12.82
"11",2021-01-08,10,41592.27,7.08,14.02,12.53,6.98,8.7,7.32,13.17
"12",2021-01-08,11,42005.09,8.08,15.7,14.59,8.62,11.13,8.63,13.93
"13",2021-01-08,12,40496.14,8.75,17.02,16.38,10.03,13.02,9.55,14.36
"14",2021-01-08,13,39859.36,9.05,18.09,17.62,11.33,13.68,10.31,14.84
"15",2021-01-08,14,40986.25,9.16,18.6,18.31,12.26,14.45,10.79,15.41
"16",2021-01-08,15,40387.62,8.84,18.73,18.71,12.53,14.8,11.28,15.8
"17",2021-01-08,16,40288.81,8.45,18.7,18.35,12.47,14.29,11.37,15.84
"18",2021-01-08,17,40471.04,7.25,16.28,17.51,10.89,13.05,10.12,15.69
"19",2021-01-08,18,40533.3,4,13.98,15.49,8.08,10.98,8.18,15.52
"20",2021-01-08,19,39519.35,3.55,13.5,14.4,7.43,9.78,7.6,15.55
"21",2021-01-08,20,38408.87,2.89,13.11,14.14,6.85,9.24,7.15,15.47
"22",2021-01-08,21,37629.97,2.33,12.45,14,6.3,8.88,6.87,15.31
"23",2021-01-08,22,36884.8,2.21,11.96,13.96,5.89,9.15,6.72,15.25
"24",2021-01-08,23,35845.08,2,11.29,13.96,5.6,8.99,6.31,15.07
"25",2021-01-09,0,34179.62,1.69,10.91,14.06,5.35,8.36,5.94,14.87
"26",2021-01-09,1,32540.12,1.53,10.54,13.99,5.03,7.65,5.53,14.66
"27",2021-01-09,2,31207.36,1.38,10.41,13.89,4.73,7.68,5.34,14.58
"28",2021-01-09,3,30300.31,1.16,10.31,13.91,4.38,7.44,4.88,14.41
"29",2021-01-09,4,29733.83,1.07,10.29,13.93,4.28,7.13,4.47,14.47
"30",2021-01-09,5,29862.21,1.15,10.15,13.83,4.13,6.63,4.46,14.31
"31",2021-01-09,6,30043.88,1.1,10.05,13.4,3.91,6.76,4.58,14.14
"32",2021-01-09,7,30751.12,1.08,9.95,13.37,3.91,7.03,4.35,14.2
"33",2021-01-09,8,32581.69,1.07,9.63,14.09,3.93,7.24,3.86,14.65
"34",2021-01-09,9,34678.94,3.61,11.04,14.26,4.89,8.12,4.55,14.85
"35",2021-01-09,10,36166.38,6.88,13.62,14.76,6.76,9.72,7.15,11.89
"36",2021-01-09,11,37487.93,8.14,15.49,16.02,8.58,12.11,8.51,10.45
"37",2021-01-09,12,37211.8,8.99,17.2,17.05,10.17,12.79,9.78,10.52
"38",2021-01-09,13,37810.82,9.29,18.03,17.85,11.47,13.63,10.49,10.39
"39",2021-01-09,14,38101.1,9.46,18.43,17.74,12.51,13.29,11.3,10.45
"40",2021-01-09,15,37558.51,9.16,18.47,17.1,12.67,12.48,11.65,10.28
"41",2021-01-09,16,37309.02,8.28,18.36,16.76,12.36,11.86,11.42,9.8
"42",2021-01-09,17,37765.19,6.84,15.78,16.66,11.19,11.41,10.64,9.52
"43",2021-01-09,18,38809.94,3.77,13.23,15.64,9.76,11.12,9.91,9.52
"44",2021-01-09,19,37942.62,4.21,12.62,15.15,9.58,9.7,9.75,9.42
"45",2021-01-09,20,36954.46,4.06,12.49,14.9,8.97,9.96,9.26,9.5
"46",2021-01-09,21,36123.84,5.35,12.24,14.57,8.47,9.89,8.71,9.55
"47",2021-01-09,22,35388.72,5.49,11.76,14.37,7.79,8.86,8.49,9.64
"48",2021-01-09,23,34248.06,2.68,11.03,14.86,8.12,8.35,8.21,9.68
"49",2021-01-10,0,32362.57,2.12,10.67,14.26,6.9,8.54,8.25,9.76
"50",2021-01-10,1,30788.59,1.79,10.59,13.89,7.39,8.09,7.9,9.88
"51",2021-01-10,2,29431.82,1.56,10.68,13.73,7.05,7.69,7.87,9.83
"52",2021-01-10,3,28455.28,1.55,10.34,13.46,6.19,7.42,7.74,9.99
"53",2021-01-10,4,28145.71,1.49,10.38,13.4,5.96,7.9,7.16,9.66
"54",2021-01-10,5,28011.47,1.39,10.11,13.32,6.19,7.57,7.74,9.74
"55",2021-01-10,6,28015.06,1.41,9.85,13.4,6.3,7.79,7.75,9.77
"56",2021-01-10,7,27999.79,1.35,9.75,13.55,5.32,7.68,8.04,9.69
"57",2021-01-10,8,27876.2,1.19,9.57,13.11,5.01,7.55,7.27,9.77
"58",2021-01-10,9,29614.24,3.74,10.93,14.1,6.68,8.04,7.85,9.76
"59",2021-01-10,10,31095.17,6.77,13.69,14.91,8.42,10.12,8.66,8.93
"60",2021-01-10,11,32423.24,8.1,15.74,16.29,9.97,12.12,10.24,8.65
"61",2021-01-10,12,32824.93,9.11,17.28,17.37,11.34,13.93,10.36,8.45
"62",2021-01-10,13,33561.79,9.6,18.28,17.57,12.76,14.58,11.66,8.37
"63",2021-01-10,14,33812.88,9.93,18.78,18.92,13.98,14.09,12.11,8.66
"64",2021-01-10,15,33369.91,9.46,18.84,19.62,14,14.14,12.16,8.99
"65",2021-01-10,16,33842.39,9.36,18.78,19.77,14.31,14.06,11.56,9.02
"66",2021-01-10,17,34861.64,8.35,16.31,19.06,13.22,13.5,10.6,8.97
"67",2021-01-10,18,36205.84,4.73,13.83,17.3,10.96,11.4,10.83,8.83
"68",2021-01-10,19,35781.33,4.69,12.6,16.23,9.87,11.11,10.48,9.12
"69",2021-01-10,20,35012.36,4.53,12.23,15.94,9.26,10.89,9.58,9.32
"70",2021-01-10,21,34213.51,4.29,11.84,15.84,9.19,10.17,9.11,9.63
"71",2021-01-10,22,33725.85,4.13,11.74,15.58,8.99,10.05,8.78,9.89
"72",2021-01-10,23,32774.06,3.9,12.03,15.6,9.01,9.64,9.19,10.04
"73",2021-01-11,0,31395.13,3.89,11.21,15.15,8.9,9.61,9.26,10.01
"74",2021-01-11,1,29954.28,3.65,10.84,14.91,8.41,9.58,8.11,9.89
"75",2021-01-11,2,28810.24,3.39,10.64,15.34,8.35,9.46,7.97,10.1
"76",2021-01-11,3,28104.63,3.79,10.54,14.98,8.14,9.41,7.65,10.33
"77",2021-01-11,4,27838.92,3.95,10.54,14.91,7.7,9.95,7.84,10.82
"78",2021-01-11,5,28173.46,3.91,10.34,14.97,7.97,10.29,7.09,11.24
"79",2021-01-11,6,29076.66,3.94,10.1,14.76,8.32,10.34,7.17,11.36
"80",2021-01-11,7,31478.08,3.54,9.96,14.53,8.37,10.18,7.1,11.83
"81",2021-01-11,8,36509.43,4.07,9.85,14.38,8.4,10.8,6.91,12.15
"82",2021-01-11,9,40182.86,6.29,11.47,14.54,9.11,11.5,8.32,12.27
"83",2021-01-11,10,41906.12,9.28,14.24,15.59,10.31,13.63,10.1,12.71
"84",2021-01-11,11,42571.25,10.9,16.45,17.53,11.68,15.7,12.32,13.51
"85",2021-01-11,12,41398.54,12.15,17.91,18.95,12.74,17.15,14.16,14.95
"86",2021-01-11,13,41871.04,12.73,18.93,20.21,13.98,19.08,14.68,16
"87",2021-01-11,14,41994.44,12.59,19.81,20.7,15.13,19.26,14.91,16.4
"88",2021-01-11,15,41322.18,11.34,19.79,20.5,14.75,19.4,15.04,16.47
"89",2021-01-11,16,40917.35,11.18,19.52,20.94,13.77,18.44,15.16,16.43
"90",2021-01-11,17,41114.18,10.8,17.33,19.68,12.43,16.93,14.45,16.2
"91",2021-01-11,18,41044.27,8.98,15.66,17.82,10.95,15.1,13.07,15.82
"92",2021-01-11,19,39873.41,7.79,15.01,16.79,10.82,14.18,12.25,15.25
"93",2021-01-11,20,38416.23,7.58,14.74,16.28,10.42,13.93,11.87,14.47
"94",2021-01-11,21,37689.16,7.54,13.61,15.98,10.22,13.99,11.52,14.25
"95",2021-01-11,22,36980.93,7.37,14.5,15.85,9.9,13.39,11.21,14.29
"96",2021-01-11,23,35732.32,6.78,13.04,15.79,9.93,12.92,10.86,14.06
"97",2021-01-12,0,33953.49,6.56,12.42,15.54,9.77,12.78,10.69,14.21
"98",2021-01-12,1,32238.65,5.86,12.44,15.57,9.73,12.65,10.5,14.01
"99",2021-01-12,2,30977.29,5.92,12.9,15.28,9.68,12.37,10.23,13.69
"100",2021-01-12,3,30035.2,6.08,12.59,14.77,9.66,12.12,10.01,13.41
"101",2021-01-12,4,29857.39,6.16,12,14.55,9.56,12.24,9.31,13.25
"102",2021-01-12,5,30090.26,6.33,11.59,14.29,9.42,11.96,8.8,13.04
"103",2021-01-12,6,30811.76,6.24,11.32,14.29,8.87,11.51,8.31,12.98
"104",2021-01-12,7,32481.34,5.98,11.1,14.21,8.59,10.9,7.61,12.87
"105",2021-01-12,8,36665.64,6.14,10.97,14.21,8.57,10.5,7.74,12.96
"106",2021-01-12,9,39973.35,7.69,12.41,14.22,9.2,10.81,8.65,12.99
"107",2021-01-12,10,41243.7,10.24,14.33,15.88,10.76,12.81,10.94,13.12
"108",2021-01-12,11,42107.58,11.5,16.21,18,13.08,15.65,13.79,13.71
"109",2021-01-12,12,41222.95,12.31,17.71,19.22,14.36,17.57,15.62,14.33
"110",2021-01-12,13,41671.45,12.62,18.92,20.24,15.34,19.29,16.54,15.45
"111",2021-01-12,14,41925.87,12.57,19.52,20.35,15.83,19.72,16.2,15.65
"112",2021-01-12,15,41481.78,12.13,19.69,19.73,15.88,18.77,15.82,15.36
"113",2021-01-12,16,40895.04,11.7,20.04,19.44,14.88,17.78,15.17,16.45
"114",2021-01-12,17,40882.97,9.76,17.96,18.47,13.46,16.45,14.29,15.58
"115",2021-01-12,18,40658.51,6.92,15.66,17.18,11.71,14.42,13.04,13.96
"116",2021-01-12,19,39441.78,6.41,15.47,16.71,10.68,13.28,12.55,13.84
"117",2021-01-12,20,37949.4,6.06,15.23,16.22,9.89,12.25,12,12.48
"118",2021-01-12,21,37305.62,5.94,15.23,15.86,9.17,11.52,11.9,11.27
"119",2021-01-12,22,36498.47,5.88,15.05,15.91,8.57,11.06,11.69,10.13
"120",2021-01-12,23,35182.36,6.9,14.62,15.19,8.36,11.17,11.46,10.19
"121",2021-01-13,0,33330.77,7.07,14.45,15.61,7.97,11.07,10.87,9.99
"122",2021-01-13,1,31823.6,7.07,14.07,14.77,7.65,10.88,10.2,9.43
"123",2021-01-13,2,30648.48,7.33,13.67,14.95,7.82,10.61,10.14,9.29
"124",2021-01-13,3,29853.27,7.44,13.35,14.58,7.87,7.79,9.62,9.3
"125",2021-01-13,4,29614.38,7.5,13.37,13.42,7.9,5.76,9.14,9.62
"126",2021-01-13,5,29839.39,7.39,13.14,12.39,8.35,5.35,8.68,9.47
"127",2021-01-13,6,30642.67,7.31,13.27,11.62,8.12,3.25,8.18,9.33
"128",2021-01-13,7,32492.93,7.68,12.4,10.77,7.67,1.07,8.29,9.18
"129",2021-01-13,8,36557.59,7.58,11.85,10.62,7.54,1.94,8.77,8.46
"130",2021-01-13,9,40150.38,7.39,12.96,10.53,7.95,3.43,9.09,8.05
"131",2021-01-13,10,42036.28,7.74,15.02,11.57,9.91,3.8,3.82,7.9
"132",2021-01-13,11,43144.3,7.31,17.23,12.41,10.93,4.22,0.48,8.01
"133",2021-01-13,12,42273.6,7.65,18.11,12.94,9.98,4.54,0.4,7.98
"134",2021-01-13,13,42954.44,6.78,19.46,13.25,9.53,4.79,0.36,7.81
"135",2021-01-13,14,43443.71,6.57,19.09,13.45,7.12,5.45,0.87,7.5
"136",2021-01-13,15,42599.75,5,19.37,13.49,7.62,6.89,1.44,7.3
"137",2021-01-13,16,42114.44,4.28,17.95,13.43,6.03,6.63,1.46,7.07
"138",2021-01-13,17,42135.32,1.67,16.47,13.05,3.79,5.51,1.46,6.88
"139",2021-01-13,18,41819.14,1.99,15.63,11.38,3.33,4.42,1.33,6.65
"140",2021-01-13,19,40413.87,2.41,16.14,10.5,2.57,4.22,1.31,6.6
"141",2021-01-13,20,38805.5,2.43,15.28,10.41,3.08,3.49,1.31,6.56
"142",2021-01-13,21,38013.54,2.13,14.55,10.18,3.44,3.35,0.97,6.46
"143",2021-01-13,22,37256.77,1.11,13.85,8.99,3.11,3.29,1.12,6.41
"144",2021-01-13,23,35872.75,1.74,12.69,8.31,3.15,2.74,1.24,6.33
"145",2021-01-14,0,33856.97,0.86,12.17,8.32,2.95,2.43,1.31,6.4
"146",2021-01-14,1,32133.51,0.31,11.8,8.5,2.79,2.26,1.17,6.36
"147",2021-01-14,2,30969.91,0.57,11.67,8.71,2.61,2.37,0.42,5.61
"148",2021-01-14,3,30068.6,1.16,11.34,8.68,2.4,2.32,-0.38,5.66
"149",2021-01-14,4,29985.8,1.18,10.69,8.67,1.77,1.54,0.84,6.14
"150",2021-01-14,5,30161.71,1.45,10.06,8.6,1.48,1.51,0.97,5.42
"151",2021-01-14,6,30934.35,1.63,10.12,8.25,1.54,1.75,0.85,5.03
"152",2021-01-14,7,32774.01,1.64,10.1,7.92,1.18,1.33,0.7,4.7
"153",2021-01-14,8,37347.12,1.49,9.94,7.27,1.22,0.97,0.29,4.36
"154",2021-01-14,9,41170.91,1.26,11.23,7.17,1.7,0.57,0.84,4.19
"155",2021-01-14,10,43167.21,1.44,12.62,8.32,2.17,1.12,2.01,4.44
"156",2021-01-14,11,44154.07,1.65,13.97,9.24,2.27,1.38,2.44,4.54
"157",2021-01-14,12,43340.26,1.58,15.16,10.08,1.95,1.86,2.74,4.85
"158",2021-01-14,13,43935.76,1.7,15.32,10.41,1.04,2.31,3.13,5.46
"159",2021-01-14,14,44199.3,1.67,15.69,10.65,0.9,2.47,3,5.79
"160",2021-01-14,15,43392.29,1.32,14.94,10.52,1.05,1.95,3.36,5.79
"161",2021-01-14,16,42886.42,1.26,13.86,9.9,0.8,1.49,3.08,5.73
"162",2021-01-14,17,42778.52,1.05,13.04,9.17,1.36,0.63,2.34,5.62
"163",2021-01-14,18,42312.86,0.6,11.47,7.78,0.08,-0.19,1.52,5.41
"164",2021-01-14,19,41155.06,-0.24,10.55,6.63,-0.63,-0.9,0.67,5.31
"165",2021-01-14,20,39493.38,-1.36,10.37,5.85,-0.91,-1.37,-0.16,5.41
"166",2021-01-14,21,38614.52,-1.41,10.3,6.78,-1.29,-1.13,-0.57,5.55
"167",2021-01-14,22,37908.85,-1.57,9.67,6.54,-1.52,-1.26,-1.19,5.74
"168",2021-01-14,23,36603.87,-1.67,9.19,6.34,-1.66,-1.45,-1.21,5.81
"169",2021-01-15,0,34578.02,-1.7,9.04,6.41,-1.77,-1.51,-1.76,5.78
"170",2021-01-15,1,32630.52,-1.73,8.39,6.24,-1.86,-1.65,-2.12,5.91
"171",2021-01-15,2,31267.88,-1.36,8.67,6.14,-1.94,-1.69,-2.5,6.12
"172",2021-01-15,3,30521.89,-1.3,8.11,6.76,-2.01,-1.1,-2.64,5.93
"173",2021-01-15,4,30196.63,-1.13,7.41,6.88,-1.71,-1.3,-2.75,5.1
"174",2021-01-15,5,30598,-1.1,6.86,6.88,-1.32,-0.66,-2.57,2.43
"175",2021-01-15,6,31366.48,-1.16,6.66,8.61,-0.54,-0.32,-2.44,2.5
"176",2021-01-15,7,33207.14,-1.31,6.31,8.98,-0.43,-0.13,-1.98,2.41
"177",2021-01-15,8,37689.72,-1.18,5.96,6.7,-0.9,-1.08,-1.71,2.42
"178",2021-01-15,9,41668.52,0.22,7.32,6.39,-0.82,-1.23,-1.47,2.61
"179",2021-01-15,10,43957.06,2.14,9.44,6.47,0.49,-0.88,-1.76,3.44
"180",2021-01-15,11,45017.39,2.71,11.16,7.43,4.06,-0.26,-1.63,3.66
"181",2021-01-15,12,43715.49,2.66,12.56,7.94,6.07,0.11,-1.35,3.61
"182",2021-01-15,13,43120.69,2.59,13.67,7.72,6.18,-0.16,-0.71,3.83
"183",2021-01-15,14,44064.12,2.32,14.44,8.08,6.4,-0.32,0.19,4.03
"184",2021-01-15,15,43447.5,2.3,13.93,8.06,6,-0.44,-1.44,4.12
"185",2021-01-15,16,42809.16,2.16,14.08,8.12,5.45,-0.77,-0.77,4.07
"186",2021-01-15,17,42392.31,1.89,12.7,7.48,5.03,-1.34,-1.29,4.09
"187",2021-01-15,18,41882.59,2.66,10.31,5.9,3.29,-2.89,-3.01,4
"188",2021-01-15,19,40550.77,3.11,9.3,4.23,2.7,-3.48,-3.74,3.91
"189",2021-01-15,20,39176.28,3.13,9.36,3.32,0.73,-3.74,-4.09,3.7
"190",2021-01-15,21,38265.84,3.54,9.3,2.59,-0.32,-3.86,-4.1,3.6
"191",2021-01-15,22,37583.46,3.62,10.92,2.37,-0.89,-3.88,-4.37,3.6
"192",2021-01-15,23,36381.7,1.77,11.32,2.06,-0.96,-3.92,-4.48,3.62
"193",2021-01-16,0,34495.69,1.44,10.43,1.68,-1.27,-3.9,-4.6,3.62
"194",2021-01-16,1,32761.98,1.49,9.94,1.35,-1.43,-3.9,-4.64,3.52
"195",2021-01-16,2,31380.61,2.04,9.6,1.16,-1.2,-3.87,-4.63,3.39
"196",2021-01-16,3,30590.2,1.78,9.5,0.89,-1.07,-3.85,-4.56,3.28
"197",2021-01-16,4,30154.35,0.46,9.62,0.63,-1.33,-4.48,-5.43,3.33
"198",2021-01-16,5,30102.28,0.48,9.68,0.57,-1.07,-4.5,-5.28,3.32
"199",2021-01-16,6,30332.18,0.6,9.56,0.95,-1.3,-4.6,-5.13,3.29
"200",2021-01-16,7,31068.98,1.22,9.43,1.02,-1.17,-4.62,-5.01,3.27
"201",2021-01-16,8,32796.07,1.33,9.05,1.06,-0.54,-4.51,-4.97,3.16
"202",2021-01-16,9,35393.7,1.2,10.13,1.45,0.06,-3.75,-4.18,3.19
"203",2021-01-16,10,37751.75,0.72,11.57,2.67,0.62,-2.53,-3.2,3.85
"204",2021-01-16,11,39458.65,0.81,13.63,3.64,2.14,-1.39,-2.2,4.65
"205",2021-01-16,12,39499.5,1.09,14.97,5.46,2.75,-0.46,-1.3,5.22
"206",2021-01-16,13,40054.6,1.56,14.56,4.58,3.15,0.42,-0.7,5.25
"207",2021-01-16,14,40095.9,2.16,12.65,4.05,4.22,1.38,-0.36,5.16
"208",2021-01-16,15,39329.22,2.74,12.07,3.84,5.43,1.77,-0.32,4.96
"209",2021-01-16,16,38876.75,2.44,11.47,3.26,5.67,1.69,-0.48,5.17
"210",2021-01-16,17,38796.07,2.25,12.09,1.22,5.73,0.84,-0.52,4.22
"211",2021-01-16,18,39306.08,2.3,11.04,1.78,4.65,-0.74,-1.33,3.57
"212",2021-01-16,19,38599.21,1.86,11.32,1.84,3.88,-0.82,-2.04,3.44
"213",2021-01-16,20,37503.37,1.68,11.58,1.59,3.34,-0.81,-2.29,3.79
"214",2021-01-16,21,36818.14,1.89,11.17,1.53,3.15,-0.86,-2.37,3.73
"215",2021-01-16,22,36071.99,1.82,11.14,1.11,2.52,-1.95,-2.14,3.02
"216",2021-01-16,23,34779.03,1.97,10.97,0.71,3.43,-2.11,-1.18,3.21
"217",2021-01-17,0,33176.86,2.66,11.4,0.05,3.38,-2.72,0.01,2.94
"218",2021-01-17,1,31317.25,2.23,11.29,-0.38,3.9,-3.38,1.75,2.38
"219",2021-01-17,2,29840.06,2.19,9.9,-0.23,2.64,-4.3,0.65,1.97
"220",2021-01-17,3,28944.23,2.52,9.8,0.52,2.46,-4.44,0.67,2.03
"221",2021-01-17,4,28499.51,3.38,9.8,0.93,3.52,-4.76,0.43,2.03
"222",2021-01-17,5,28339.21,2.4,9.29,0.3,1.46,-4.75,-0.17,1.65
"223",2021-01-17,6,28247.6,1.85,8.93,-0.14,1.73,-4.79,-1,1.58
"224",2021-01-17,7,27977.26,1.42,9.28,-0.6,1.77,-4.62,-2.04,1.25
"225",2021-01-17,8,27518.29,1.49,10.4,-0.75,0.61,-4.51,-2.88,1.17
"226",2021-01-17,9,29514.93,1.03,10.84,-0.65,0.11,-4.05,-3.28,0.88
"227",2021-01-17,10,32072.82,0.84,11.73,0.89,-1.15,-3.38,-3.86,0.49
"228",2021-01-17,11,34130.46,0.67,13.92,2.84,-0.46,-2.31,-3.69,0.2
"229",2021-01-17,12,34819.59,1.21,14.59,4.13,0.26,-1.54,-3.24,0.16
"230",2021-01-17,13,35403.07,1.9,14.86,4.9,0.71,-1.34,-2.75,-0.16
"231",2021-01-17,14,35191.33,2.03,14.63,5.45,0.55,-1.54,-2.5,-0.38
"232",2021-01-17,15,34886.03,1.67,14.39,5.82,0.43,-2.41,-2.18,-0.2
"233",2021-01-17,16,34858.26,1.17,14.42,5.88,0.25,-3.28,-1.98,-0.05
"234",2021-01-17,17,35187.82,-0.01,13.04,5.29,-0.97,-4.21,-2.43,0.03
"235",2021-01-17,18,36640.77,-0.74,11.83,3.33,-2.36,-5.93,-3.63,-0.34
"236",2021-01-17,19,36266.7,-0.93,11.33,1.83,-3.08,-6.65,-4.41,-0.64
"237",2021-01-17,20,35638.82,-1.31,10.87,1,-3.62,-6.87,-3.75,-0.75
"238",2021-01-17,21,34933.87,-1.51,10.37,0.33,-4.37,-7.08,-5.33,-0.83
"239",2021-01-17,22,34502.67,-2.34,9.21,0.2,-4.86,-7.57,-5.16,-0.9
"240",2021-01-17,23,33483.58,-2.7,8.16,-0.21,-5.08,-7.09,-5.43,-0.98
"241",2021-01-18,0,31708.09,-2.44,7.16,-0.33,-5.11,-6.66,-5.3,-1.09
"242",2021-01-18,1,30131.19,-2.64,6.67,-0.27,-5.16,-6.77,-5.44,-1.34
"243",2021-01-18,2,28773.19,-2.77,6.43,-0.4,-5.36,-7,-5.84,-1.58
"244",2021-01-18,3,27955.74,-2.78,6.13,-0.58,-5.63,-7.32,-5.59,-1.73
"245",2021-01-18,4,27921.93,-3.26,6.35,-0.52,-5.12,-7.81,-6.17,-1.87
"246",2021-01-18,5,28260.68,-3.47,6.27,-0.2,-5.2,-8.13,-6.68,-1.89
"247",2021-01-18,6,29132.3,-3.4,6.24,0,-5.27,-7.99,-6.84,-2
"248",2021-01-18,7,31578.19,-3.55,6.23,-0.53,-5.25,-8.6,-7.15,-2.27
"249",2021-01-18,8,37341.09,-3.55,6.23,-0.62,-5.38,-8.96,-7.62,-2.52
"250",2021-01-18,9,42611.32,-2.59,7.47,-0.15,-5.19,-9.19,-7.66,-2.6
"251",2021-01-18,10,44964.43,-1.35,9.01,1.15,-4.65,-8.46,-7.19,-1.87
"252",2021-01-18,11,46570.17,-0.77,10.34,2.68,-4.17,-7.16,-6.54,-0.91
"253",2021-01-18,12,45732.19,-0.48,11.06,3.93,-3.98,-6.23,-6.07,-0.21
"254",2021-01-18,13,46167.6,-1.05,11.74,4.71,-4.79,-5.83,-6.44,0.23
"255",2021-01-18,14,46390.88,-2.72,12.23,5.01,-5.41,-5.65,-6.19,0.49
"256",2021-01-18,15,45611.67,-1.85,11.81,5.18,-4.98,-5.62,-5.61,0.62
"257",2021-01-18,16,45112.95,-0.74,11.12,5.26,-3.82,-5.56,-5.65,0.95
"258",2021-01-18,17,44297.05,-1.64,10.39,4.51,-4.15,-6.52,-6.28,0.87
"259",2021-01-18,18,43671.83,-2.24,8.81,2.21,-5.72,-9.38,-7.77,0.47
"260",2021-01-18,19,42261.27,-2.52,7.49,0.08,-6.49,-10.19,-8.21,0.29
"261",2021-01-18,20,40663.05,-3.27,6.42,-0.81,-6.39,-10.92,-8.4,0.15
"262",2021-01-18,21,39606.89,-3.25,5.84,-1.43,-6.27,-11.36,-8.62,0.06
"263",2021-01-18,22,38735.36,-3.4,6.05,-1.66,-6.82,-11.75,-8.89,0.04
"264",2021-01-18,23,37550.23,-3.35,6.01,-1.9,-6.82,-12.04,-9.09,0.01
"265",2021-01-19,0,35126.66,-3.94,5.67,-2,-6.8,-12.49,-9.23,0
"266",2021-01-19,1,33302.2,-4.43,5.07,-2.1,-6.81,-12.9,-9.43,-0.09
"267",2021-01-19,2,31786.22,-4.66,4.72,-2.12,-7.44,-13.24,-9.62,-0.35
"268",2021-01-19,3,31162.15,-5.39,4.44,-2.16,-7.7,-13.55,-9.77,-0.51
"269",2021-01-19,4,30840.6,-6.99,4.36,-2.22,-7.71,-13.68,-10.08,-0.92
"270",2021-01-19,5,30934.02,-8.04,4.3,-2.37,-7.92,-13.81,-10.28,-0.92
"271",2021-01-19,6,31884.4,-8.38,4.1,-2.63,-8.13,-13.99,-10.45,-0.97
"272",2021-01-19,7,33738.91,-9.07,3.45,-2.64,-8.38,-14.07,-10.59,-0.97
"273",2021-01-19,8,38713.75,-9.68,3.95,-2.74,-8.57,-14.22,-10.7,-0.89
"274",2021-01-19,9,43697.46,-8.96,4.64,-2.46,-8.01,-13.27,-9.97,-0.59
"275",2021-01-19,10,46127.55,-7.03,6.37,-0.96,-6.89,-11.07,-9.44,0.23
"276",2021-01-19,11,47190.4,-5.04,7.31,1,-6.01,-9.49,-8.61,0.88
"277",2021-01-19,12,46116.1,-3.53,8.71,2.72,-5.37,-7.99,-7.79,1.36
"278",2021-01-19,13,46317.76,-2.7,9.96,3.96,-4.88,-6.74,-7.12,1.56
"279",2021-01-19,14,46371.38,-2.47,10.7,4.94,-4.31,-5.89,-6.57,1.61
"280",2021-01-19,15,45365.79,-1.94,10.8,5.13,-4.01,-5.39,-6.05,1.57
"281",2021-01-19,16,44655.33,-1.67,10.63,4.88,-3.99,-5.2,-5.59,1.54
"282",2021-01-19,17,44230.57,-2.57,9,4.22,-4.58,-6.45,-5.78,1.44
"283",2021-01-19,18,44024.64,-5.49,6.03,1.83,-6.12,-8.97,-7.39,1.05
"284",2021-01-19,19,42705.59,-6.97,5.18,0.43,-6.65,-9.9,-7.91,0.77
"285",2021-01-19,20,41294.23,-7.81,4.08,-0.34,-7.48,-10.4,-8.21,0.65
"286",2021-01-19,21,40223.35,-8.12,3.21,-0.75,-7.73,-10.66,-8.39,0.61
"287",2021-01-19,22,39486.16,-8.44,2.99,-1.01,-7.96,-11.16,-8.6,0.51
"288",2021-01-19,23,38074.38,-8.81,2.59,-1.13,-7.99,-11.58,-8.8,0.5
"289",2021-01-20,0,35831.32,-9.28,2.31,-1.3,-8.03,-11.84,-8.83,0.43
"290",2021-01-20,1,33699.39,-9.71,1.99,-1.53,-8.15,-12.02,-9.02,0.48
"291",2021-01-20,2,32315.57,-9.99,2.9,-1.68,-8.26,-12.51,-9.16,0.67
"292",2021-01-20,3,31589.45,-10.34,2.52,-1.76,-8.38,-12.8,-9.25,0.87
"293",2021-01-20,4,31357.38,-11.26,2.76,-2.19,-8.88,-13.25,-11.22,0.81
"294",2021-01-20,5,31514.27,-11.43,1.82,-2.1,-9.06,-13.46,-11.56,1.06
"295",2021-01-20,6,32424.5,-11.56,0.92,-2.12,-9.38,-13.46,-11.79,1.32
"296",2021-01-20,7,34463.59,-11.7,0.58,-2.14,-9.71,-13.55,-12.04,1.64
"297",2021-01-20,8,39391.41,-11.98,-0.12,-2,-9.81,-13.53,-12.25,1.81
"298",2021-01-20,9,43982.62,-11.01,1.38,-1.19,-9.04,-12.75,-11.45,1.98
"299",2021-01-20,10,46003.18,-9,4.02,0.78,-7.46,-10.16,-10.13,2.1
"300",2021-01-20,11,46951.75,-7.66,5.75,3.11,-6.25,-7.9,-9.06,2.25
"301",2021-01-20,12,46093.02,-6.79,7.39,4.74,-5.34,-5.99,-8.21,2.57
"302",2021-01-20,13,46184.85,-6.02,8.69,5.92,-4.7,-4.23,-7.32,2.79
"303",2021-01-20,14,46142.62,-5.5,9.57,6.73,-4.21,-2.86,-6.69,3.26
"304",2021-01-20,15,45393.38,-5.08,9.6,7.22,-3.84,-1.97,-6.33,3.83
"305",2021-01-20,16,44884.9,-5,8.62,7.41,-3.84,-1.77,-6.16,4.27
"306",2021-01-20,17,44600.42,-5.86,6.35,7.04,-4.19,-3.17,-6.84,4.63
"307",2021-01-20,18,44340.26,-8.11,3.35,2.89,-5.82,-5.82,-8.59,4.74
"308",2021-01-20,19,42925.69,-8.72,2.25,1.09,-6.14,-6.79,-8.86,4.88
"309",2021-01-20,20,41264,-8.5,1.51,0.97,-6.27,-7.42,-8.89,5.06
"310",2021-01-20,21,40268.33,-8.16,1.07,1.35,-6.25,-7.83,-8.58,5.21
"311",2021-01-20,22,39470.21,-7.98,0.8,1.49,-6.35,-8.17,-9.24,5.33
"312",2021-01-20,23,37970.03,-7.55,0.66,1.71,-6.34,-8.39,-9.33,5.24
"313",2021-01-21,0,35677.52,-7.41,0.6,1.63,-6.29,-8.56,-9.27,5.32
"314",2021-01-21,1,33775.9,-7.22,0.3,1.47,-6.27,-8.73,-9.19,5.41
"315",2021-01-21,2,32340.65,-6.94,0.08,1.23,-6.31,-8.82,-9.29,5.5
"316",2021-01-21,3,31559.65,-6.64,-0.33,1.13,-6.36,-8.88,-9.4,5.59
"317",2021-01-21,4,31377.03,-6.24,-0.24,1.28,-7.08,-9.07,-9.32,5.72
"318",2021-01-21,5,31608,-5.99,-0.08,1.14,-7.12,-9.12,-9.26,5.63
"319",2021-01-21,6,32368.03,-5.81,0.15,1.16,-7,-9.09,-9.25,5.53
"320",2021-01-21,7,34533.13,-5.73,0.26,1.32,-7.03,-9.15,-9.15,5.3
"321",2021-01-21,8,39625.05,-5.49,0.22,1.4,-7.05,-9.31,-8.96,5.32
"322",2021-01-21,9,43941.16,-3.83,2.18,1.81,-5.89,-8.4,-7.89,5.56
"323",2021-01-21,10,45743.09,-1.2,4.82,3.91,-4.29,-5.97,-6.03,6.36
"324",2021-01-21,11,46696.01,0.25,6.96,5.93,-2.93,-4.2,-4.82,6.85
"325",2021-01-21,12,45473.99,0.87,8.47,7.78,-1.93,-2.62,-3.69,7.14
"326",2021-01-21,13,45417.49,1.49,9.5,9.35,-1.1,-1.4,-2.63,7.48
"327",2021-01-21,14,45489.28,1.72,10.32,10.63,-0.46,-0.57,-2.09,7.87
"328",2021-01-21,15,44801.49,1.36,10.46,11.34,0.14,-0.21,-1.61,8.27
"329",2021-01-21,16,44464.08,0.4,10.05,11.02,0.25,0,-1.34,8.8
"330",2021-01-21,17,44281.36,-0.74,8.08,10.08,-0.46,-1.16,-2.59,8.8
"331",2021-01-21,18,44034.5,-3.02,5.35,8.69,-1.83,-2.82,-4.24,8.62
"332",2021-01-21,19,42953.85,-2.88,4.41,7.01,-1.92,-3.59,-4.08,8.62
"333",2021-01-21,20,41215.75,-2.45,4.03,6.49,-1.97,-4.14,-3.73,8.66
"334",2021-01-21,21,40270.05,-2.57,3.9,6.36,-2.02,-4.68,-3.77,8.69
"335",2021-01-21,22,39507.5,-3.07,3.83,6.27,-2.31,-5,-3.68,9.12
"336",2021-01-21,23,37831.05,-3.1,3.56,6.14,-2.44,-5.21,-3.64,9.16
"337",2021-01-22,0,35612.55,-3.1,3.39,5.94,-2.4,-5.46,-3.63,9.13
"338",2021-01-22,1,33583.18,-3.23,2.64,5.77,-2.41,-5.5,-3.66,9.11
"339",2021-01-22,2,32344.92,-3.37,2.37,5.72,-2.45,-5.54,-3.98,9.19
"340",2021-01-22,3,31582.63,-3.44,2.23,5.5,-2.42,-5.51,-4.42,9.2
"341",2021-01-22,4,31246.16,-3.4,2.12,5.44,-3.32,-5.85,-4.98,9.04
"342",2021-01-22,5,31673.5,-3.36,2.03,5.19,-3.43,-5.95,-5.13,9
"343",2021-01-22,6,32489.7,-3.33,2.01,5.15,-3.51,-6.06,-5.18,8.92
"344",2021-01-22,7,34501.03,-3.4,2,6.04,-3.57,-6.1,-5.1,8.93
"345",2021-01-22,8,39239.5,-3.4,1.95,6.66,-3.72,-6.13,-5.08,8.82
"346",2021-01-22,9,42803.98,-1.94,3.54,6.3,-2.3,-5.27,-4.16,8.57
"347",2021-01-22,10,44943.01,0.06,6.18,7.92,-0.08,-3.07,-1.92,8.66
"348",2021-01-22,11,45582.85,0.84,8.18,10.04,0.96,-1.19,-0.74,9.26
"349",2021-01-22,12,43969.54,1.72,9.74,10.77,1.84,0.16,0.04,9.64
"350",2021-01-22,13,42997.69,2.06,10.66,10.79,2.66,1.11,0.65,10.09
"351",2021-01-22,14,43583.4,2.09,11.2,10.46,3.39,1.79,1,10.45
"352",2021-01-22,15,43049.93,2.03,11.41,11.45,3.78,2.3,1.16,10.7
"353",2021-01-22,16,42708.96,1.9,11.25,13.03,3.62,2.19,1.04,10.72
"354",2021-01-22,17,42809,0.93,9.57,12.81,1.81,1.15,-0.11,10.61
"355",2021-01-22,18,42609.98,-1.55,6.72,11.14,-1.43,-0.29,-1.5,10.4
"356",2021-01-22,19,41373.39,-1.8,5.98,9.83,-1.49,-0.88,-1.59,10.28
"357",2021-01-22,20,40013.85,-1.77,5.6,9.25,-1.39,-1.23,-1.63,10.18
"358",2021-01-22,21,39211.38,-1.75,5.26,8.93,-1.12,-1.42,-1.54,10.05
"359",2021-01-22,22,38496.36,-1.49,4.82,9.33,-1.08,-0.93,-1.35,10.45
"360",2021-01-22,23,37244.88,-1.37,4.41,9.2,-0.97,-0.98,-1.28,10.58
"361",2021-01-23,0,35369.64,-1.58,3.93,8.92,-1.3,-1.02,-1.38,10.38
"362",2021-01-23,1,33094.47,-1.58,3.64,9,-1.7,-1.11,-1.53,10.25
"363",2021-01-23,2,32135.57,-1.35,3.45,9.03,-1.71,-1.16,-1.59,10.24
"364",2021-01-23,3,31071.1,-1.44,3.28,8.46,-1.69,-1.4,-1.67,10.21
"365",2021-01-23,4,30672.09,-1.07,3.28,8.1,-1.77,-1.84,-2.16,10.08
"366",2021-01-23,5,30654.69,-1.27,3.21,7.93,-1.73,-1.98,-2.26,10.13
"367",2021-01-23,6,30993.88,-1.54,3.13,8.02,-1.69,-2.14,-2.34,10.09
"368",2021-01-23,7,31569.88,-1.51,3,8.36,-1.9,-2.35,-2.5,10.03
"369",2021-01-23,8,33436.88,-1.64,2.86,9.1,-1.99,-2.51,-2.5,10.03
"370",2021-01-23,9,35519.9,-0.17,4.47,8.97,-0.48,-1.93,-1.83,10.06
"371",2021-01-23,10,37050.22,1.85,7.07,9.22,1.41,0.25,-0.06,10.51
"372",2021-01-23,11,38416.02,2.45,8.95,9.45,2.53,1.81,1.04,11.09
"373",2021-01-23,12,38261.48,2.89,10.71,9.83,3.42,2.99,1.89,11.47
"374",2021-01-23,13,38781.37,3.16,11.77,10.61,4.03,3.98,2.6,11.76
"375",2021-01-23,14,38610.13,3.51,12.4,11.53,4.5,4.66,3.13,11.8
"376",2021-01-23,15,38152.66,3.78,12.65,12.61,4.88,4.94,3.3,11.73
"377",2021-01-23,16,38008.08,3.21,12.6,14.15,4.7,5.15,2.95,12.32
"378",2021-01-23,17,38179.64,1.74,10.79,13.76,3.17,3.4,1.65,12.25
"379",2021-01-23,18,39420.06,-1.8,7.58,12.39,-0.07,1.39,0.08,11.95
"380",2021-01-23,19,38820.79,-1.8,6.95,11.13,-0.42,0.57,-0.43,11.5
"381",2021-01-23,20,38033.31,-1.76,6.66,11.18,-0.26,0.28,-0.67,11.12
"382",2021-01-23,21,37199.6,-1.84,6,11.4,-0.11,0.17,-0.71,10.95
"383",2021-01-23,22,36524.16,-2.14,5.39,11.53,0.04,0.33,-0.55,10.61
"384",2021-01-23,23,35281.17,-2.05,4.99,11.47,-0.09,0.24,-0.44,10.62
"385",2021-01-24,0,33427.96,-1.66,4.98,11.37,-0.37,0.37,-0.43,10.51
"386",2021-01-24,1,31529.64,-2.01,4.9,11.1,-0.41,0.3,-0.55,10.62
"387",2021-01-24,2,30025.96,-2.48,4.83,10.94,-0.04,0.18,-0.73,10.55
"388",2021-01-24,3,29175.25,-2.63,4.39,10.77,-0.06,0.55,-0.73,10.68
"389",2021-01-24,4,28734.78,-2.34,4.5,10.65,-0.12,0.35,-1.04,10.43
"390",2021-01-24,5,28552.9,-2.22,4.29,10.49,-0.58,0.39,-1.15,10.56
"391",2021-01-24,6,28602.54,-2.65,4.08,10.56,-0.76,0.81,-1.09,11.13
"392",2021-01-24,7,28513.45,-2.39,3.89,10.63,-0.68,1.3,-1.75,11.1
"393",2021-01-24,8,28506.53,-2.52,3.51,10.86,-0.21,1.37,-1.34,11.2
"394",2021-01-24,9,30133.11,-1.02,5.36,11.02,1.03,1.18,-1.08,11.13
"395",2021-01-24,10,31941.92,1,7.75,12.05,2.36,2.78,0.72,10.57
"396",2021-01-24,11,33546.04,1.67,9.5,13.59,4,5.16,1.79,10.92
"397",2021-01-24,12,34213.48,2.15,11.06,14.98,5.08,6.87,2.67,10.84
"398",2021-01-24,13,34668.33,2.65,12.46,15.57,6.11,7.89,3.59,11.5
"399",2021-01-24,14,34641.31,2.86,13.3,16.02,7.04,7.85,4.1,12.1
"400",2021-01-24,15,34291.79,2.99,13.51,16.05,7.59,7.68,4.01,12.44
"401",2021-01-24,16,34357.15,2.96,13.41,16.2,7.19,6.78,3.95,12.85
"402",2021-01-24,17,34912.77,2.03,11.36,15.55,6,5.74,3.19,12.89
"403",2021-01-24,18,36537.07,-1.23,8.39,13.99,3.96,4.96,2.15,12.59
"404",2021-01-24,19,36578.68,-1.97,7.61,12.43,2.67,4.42,2.57,12.41
"405",2021-01-24,20,35747.21,-1.88,7.04,12.08,1.93,3.6,2.68,12.02
"406",2021-01-24,21,35021.12,-1.75,6.13,11.81,1.3,3.1,2.5,11.91
"407",2021-01-24,22,34469.66,-1.83,5.54,11.79,1.21,2.94,2.31,11.7
"408",2021-01-24,23,33539.52,-1.82,5.27,11.42,1.34,2.97,1.66,11.52
"409",2021-01-25,0,32085.8,-1.8,5.25,11.27,1.18,3.04,1.34,11.43
"410",2021-01-25,1,30359.24,-1.51,5.01,11.59,0.71,2.45,1.04,11.23
"411",2021-01-25,2,29129.59,-1.5,5.06,12.05,0.63,2.61,1.02,11.58
"412",2021-01-25,3,28393.67,0.03,4.69,11.84,0.63,2.23,0.68,11.49
"413",2021-01-25,4,28177.51,-1.62,4.84,12.48,0.44,2.38,0.54,11.48
"414",2021-01-25,5,28525.96,-1.78,4.71,12.82,0.39,2.21,0.47,11.62
"415",2021-01-25,6,29581.47,-1.67,4.5,12.96,0.17,2.89,0.43,11.81
"416",2021-01-25,7,31873.24,-1.57,4.44,13.11,0.04,3.06,0.11,11.89
"417",2021-01-25,8,37352.1,-0.98,4.31,12.9,0.13,3.08,-0.1,11.5
"418",2021-01-25,9,41101.54,0.65,5.9,13.01,1.02,3.31,0.35,11.4
"419",2021-01-25,10,43090.11,1.42,8.55,12.87,2.31,4.09,1.49,12.05
"420",2021-01-25,11,44456.79,1.43,10.15,12.43,4.34,4.97,2.87,12.52
"421",2021-01-25,12,43618.4,1.85,11.15,12.97,5.05,6.36,4.42,12.19
"422",2021-01-25,13,44163.57,1.62,12.36,14.04,5.54,7.19,5.49,11.58
"423",2021-01-25,14,44295.06,1.2,12.8,14.86,5.87,8.24,5.88,11.21
"424",2021-01-25,15,43395.11,1.48,13.04,15.99,5.94,8.27,5.36,11.21
"425",2021-01-25,16,43014.73,1.74,13.35,16.12,5.87,7.8,4.88,11.11
"426",2021-01-25,17,42590.21,1.37,11.75,15.81,5.21,7.41,4.28,11.96
"427",2021-01-25,18,42124.8,1.29,9.46,14.31,4.39,6.46,3.89,12.2
"428",2021-01-25,19,40939.23,1.31,9.02,12.85,3.72,6.04,3.71,11.97
"429",2021-01-25,20,39412.99,1.51,8.77,12.49,2.4,5,3.19,11.7
"430",2021-01-25,21,38634.07,1.67,8.31,12.43,2.56,5.09,2.85,11.51
"431",2021-01-25,22,37906.56,2.3,7.89,12.43,2.75,4.55,2.1,11.42
"432",2021-01-25,23,36677.79,1.79,7.24,12.56,1.69,4.43,2.62,11.34
"433",2021-01-26,0,34608.46,1.76,6.88,12.14,2.14,4.4,2.44,11.34
"434",2021-01-26,1,33028.76,1.63,6.41,12.1,2.2,5.14,2.52,11.03
"435",2021-01-26,2,31783.48,1.66,6.1,12.08,2.11,5.35,2.52,11.26
"436",2021-01-26,3,30683.36,1.78,6.05,12.08,2.03,5.53,2.44,11.17
"437",2021-01-26,4,30406.6,1.64,6.2,11.99,2.05,5.53,2.68,11.17
"438",2021-01-26,5,30608.11,1.86,6.04,11.95,1.85,5.47,2.63,11.14
"439",2021-01-26,6,31525.99,2.25,5.74,11.98,1.88,5.11,2.4,11.22
"440",2021-01-26,7,33332.62,1.62,5.88,12.18,2.26,5.14,1.68,11.44
"441",2021-01-26,8,37788.05,2.42,5.81,12.18,2.83,4.98,1.39,11.71
"442",2021-01-26,9,41205.41,2.33,7.3,12.73,3.51,5.22,1.72,11.9
"443",2021-01-26,10,42840.99,2.92,9.45,14.19,4.27,6.81,3.09,12.09
"444",2021-01-26,11,43953.87,2.81,11.32,15.66,4.96,9.25,5.16,12.4
"445",2021-01-26,12,43057.4,2.73,13.04,16.3,6.27,10.8,6.76,12.82
"446",2021-01-26,13,43561.91,2.68,13.88,16.61,7,11.41,7.7,13.35
"447",2021-01-26,14,43699.02,3.04,14.2,17.12,7.11,11.64,8.34,13.9
"448",2021-01-26,15,42948.31,2.86,14.48,17.12,6.7,11.25,8.28,13.8
"449",2021-01-26,16,42402.27,3.15,14.42,16.8,6.34,10.52,7.57,13.71
"450",2021-01-26,17,42170.99,2.77,12.8,16.03,6.31,9.8,6.98,13.11
"451",2021-01-26,18,42089.39,2.43,10.47,14.92,5.9,8.89,5.98,12.87
"452",2021-01-26,19,40753.2,2.22,9.99,14.01,5.09,8.18,5.61,12.8
"453",2021-01-26,20,39399.82,2.13,9.72,14.07,4.5,7.9,5.27,13.03
"454",2021-01-26,21,38585.12,2.27,9.37,14.06,4.36,7.67,5.21,13.33
"455",2021-01-26,22,37785.8,1.61,8.98,14,3.9,7.7,5.35,13.16
"456",2021-01-26,23,36634.16,0.7,8.5,14.18,3.7,7.15,5.2,12.89
"457",2021-01-27,0,34735.53,1.8,8.45,14.14,3.75,7.23,4.98,13.16
"458",2021-01-27,1,32878.48,1.01,8.22,13.37,3.6,7.29,4.9,13.25
"459",2021-01-27,2,31516.13,0.18,8.14,13.16,3.1,6.83,4.74,13.12
"460",2021-01-27,3,30709.44,0.22,8.01,12.76,2.45,6.52,4.66,13.23
"461",2021-01-27,4,30423.39,0.44,7.93,12.81,2.28,6.6,4.87,12.65
"462",2021-01-27,5,30574.84,1.11,8.22,12.17,2.31,6.41,4.67,12.57
"463",2021-01-27,6,30881.41,1.12,8.38,11.75,2.3,6.2,4.52,12.66
"464",2021-01-27,7,33158.64,0.73,8.39,10.87,2.15,6.08,4.24,11.36
"465",2021-01-27,8,37428.39,1.22,8.64,9.79,1.7,5.86,4.16,8.47
"466",2021-01-27,9,41067.45,1.51,9.43,8.78,2.2,6.53,4.64,6.72
"467",2021-01-27,10,43153.14,3.35,10.63,8.65,4.1,7.87,5.63,4.29
"468",2021-01-27,11,44387.3,5.13,12.18,8.24,7.01,10.6,7,4.16
"469",2021-01-27,12,43727.24,5.4,13.87,9.9,9.39,8.52,8.32,3.52
"470",2021-01-27,13,44350.98,5.36,15.07,9.99,10,7.58,8.99,3.46
"471",2021-01-27,14,44843.97,5.23,15.59,8.77,9.7,9.41,9.24,2.86
"472",2021-01-27,15,44232.87,3.76,15.48,8.2,8.9,9.39,9.29,3.13
"473",2021-01-27,16,43852.16,2.95,15.65,5.52,8.27,9.08,8.55,2.3
"474",2021-01-27,17,43248.47,1.73,13.71,4.38,5.86,8.11,4.11,1.91
"475",2021-01-27,18,42731.27,2.23,11.08,4.65,2.03,2.81,3.24,2.02
"476",2021-01-27,19,41699.19,2.16,9.83,3.85,1.58,0.42,2.84,1.97
"477",2021-01-27,20,40021.26,2.72,9.01,3.74,1.73,0.19,4.39,1.9
"478",2021-01-27,21,39094.57,1.62,8.87,2.58,2.82,1.22,3.42,1.73
"479",2021-01-27,22,38361.66,0.05,10.34,2.9,2.03,0.88,2.93,1.88
"480",2021-01-27,23,37191.3,-0.33,11.93,2.94,0.86,-0.76,1.56,1.79
"481",2021-01-28,0,35180.75,-1.17,12.57,2.47,-0.45,-1.76,0.85,1.59
"482",2021-01-28,1,33149.1,-1.51,11.18,2.35,-0.83,-2.2,0.23,1.38
"483",2021-01-28,2,31960.03,-1.91,10.92,1.95,-1.09,-2.35,0.04,1.42
"484",2021-01-28,3,31092.14,-2.23,9.9,1.69,-1.63,-2.53,-1.07,1.73
"485",2021-01-28,4,30904.36,-2.08,7.65,1.84,-1.51,-2.61,-1.91,1.97
"486",2021-01-28,5,31135.55,-2.36,7.27,2.12,-1.22,-3.12,-2.1,2.24
"487",2021-01-28,6,31917.36,-2.92,8.12,2.17,-1.96,-3.19,-2.41,2.25
"488",2021-01-28,7,34023.49,-3.15,6.88,2.27,-2.1,-3.31,-2.4,2.51
"489",2021-01-28,8,38481.06,-3.09,6.43,2.28,-2.28,-3.77,-1.53,2.49
"490",2021-01-28,9,42479.57,-3,7.81,1.78,-1.27,-3.88,-3.62,2.31
"491",2021-01-28,10,44788.04,-3,9.61,3.07,0.55,-2.81,-3.42,2.62
"492",2021-01-28,11,45813.88,-2.52,12,4.82,1.85,-2.05,-2.83,3.19
"493",2021-01-28,12,44940.26,-2.32,12.71,5.72,2.5,-1.46,-2.08,3.71
"494",2021-01-28,13,45355.11,-2.25,13.17,6.44,2.74,-1.02,-1.75,4.24
"495",2021-01-28,14,45843.99,-2.36,13.31,7.28,2.8,-0.63,-1.19,4.51
"496",2021-01-28,15,45183.04,-2.33,13.12,7.78,2.86,-0.49,-0.84,4.64
"497",2021-01-28,16,44544.49,-2.48,12.77,7.5,2.22,-0.3,-0.86,4.61
"498",2021-01-28,17,43748.38,-2.79,11.62,7.09,1.46,-0.54,-1.1,4.54
"499",2021-01-28,18,43034.74,-2.93,10.05,5.9,-0.5,-1.09,-1.73,4.23
"500",2021-01-28,19,42512.86,-2.96,9.86,3.89,-1.8,-1.75,-2.25,3.76
"501",2021-01-28,20,40803.29,-3.31,9.77,3.22,-2.09,-2.16,-2.61,3.5
"502",2021-01-28,21,39705.73,-3.46,9.24,2.75,-2.06,-2.45,-2.82,3.53
"503",2021-01-28,22,38871.98,-2.43,9.16,2.46,-2.04,-2.97,-2.87,3.94
"504",2021-01-28,23,37716.91,-3.08,8.7,2.01,-2.02,-3.31,-2.93,4.33
"505",2021-01-29,0,35703.71,-3.63,8.64,1.4,-2.47,-3.44,-2.63,4.52
"506",2021-01-29,1,33781.13,-3.59,8.59,1.04,-2.36,-3.73,-3.19,4.38
"507",2021-01-29,2,32305.87,-3.18,8.22,0.6,-2.64,-4,-2.63,4.36
"508",2021-01-29,3,31439.33,-4.16,7.81,0.45,-3.15,-4.23,-2.97,4.27
"509",2021-01-29,4,31340.44,-4.74,7.06,0.79,-3.78,-4.11,-2.7,4.15
"510",2021-01-29,5,31492.08,-6.49,6.01,0.93,-4.09,-4.31,-2.95,4.1
"511",2021-01-29,6,32388.98,-7.12,5.51,1.27,-4.11,-4.54,-3.15,4.03
"512",2021-01-29,7,34179.07,-7.83,5.72,1.61,-4.21,-4.77,-3.44,3.89
"513",2021-01-29,8,38926.55,-7.86,5.83,1.73,-4.44,-4.91,-3.83,3.74
"514",2021-01-29,9,43232.32,-6.77,6.25,2.25,-3.92,-4.27,-3.7,4.04
"515",2021-01-29,10,45041.01,-4.37,6.97,4.15,-2.76,-2.62,-3.01,4.79
"516",2021-01-29,11,46226.82,-2.79,7.85,6.09,-1.89,-0.82,-2.19,5.14
"517",2021-01-29,12,44935.87,-2.26,8.27,7.54,-1.38,0.38,-1.27,5.66
"518",2021-01-29,13,43519.65,-2.01,8.49,8.78,-0.68,1.37,-0.38,6.43
"519",2021-01-29,14,44293.36,-1.83,9.66,9.63,0.08,1.96,0.17,7.15
"520",2021-01-29,15,43595.75,-1.46,10.4,10.31,0.69,2.24,-0.07,7.5
"521",2021-01-29,16,43045.8,-1.39,10.81,10.64,0.33,2.08,-0.67,7.67
"522",2021-01-29,17,42670.83,-2.07,10.22,10.21,-0.03,1.88,-0.96,7.93
"523",2021-01-29,18,42437.44,-4.94,7.54,8.58,-2.42,-0.38,-2.25,8.18
"524",2021-01-29,19,41635.42,-5.64,6.32,6.92,-3.06,-1.26,-2.89,8.34
"525",2021-01-29,20,40015.43,-5.78,6.11,6.5,-2.77,-1.46,-2.98,8.42
"526",2021-01-29,21,39181.8,-6.61,5.88,6.27,-2.73,-1.76,-2.9,8.42
"527",2021-01-29,22,38495.12,-6.62,5.09,6.17,-2.96,-2.07,-2.85,8.55
"528",2021-01-29,23,37491.46,-6.28,4.02,6.4,-2.85,-2.12,-2.61,8.59
"529",2021-01-30,0,35410.65,-5.94,3.74,6.56,-2.73,-2.19,-2.61,8.56
"530",2021-01-30,1,33553.07,-5.86,3.27,7.3,-2.66,-2.26,-2.54,8.59
"531",2021-01-30,2,32025.96,-5.69,3.02,6.61,-2.67,-2.3,-2.53,8.52
"532",2021-01-30,3,30952.48,-5.39,2.75,6.64,-2.72,-2.18,-2.54,8.59
"533",2021-01-30,4,30443.75,-4.66,2.69,7.21,-2.67,-2.23,-2.55,8.86
"534",2021-01-30,5,30383.67,-4.59,2.45,7.13,-2.34,-1.94,-2.23,8.91
"535",2021-01-30,6,30778.37,-4.09,2.18,7.47,-2.33,-1.93,-2.15,8.58
"536",2021-01-30,7,31293.2,-3.58,2.13,7.62,-2.48,-1.72,-1.99,8.02
"537",2021-01-30,8,33407.02,-4.06,2.41,7.49,-2.59,-0.94,-1.96,8.15
"538",2021-01-30,9,36186.05,-3.26,4,7.94,-1.32,-0.08,-1.09,7.82
"539",2021-01-30,10,37909.82,0.16,6.33,8.71,-0.14,1.32,0.11,7.27
"540",2021-01-30,11,39820.48,0.5,8.45,10.38,1.2,2.95,1.21,6.98
"541",2021-01-30,12,39777.19,0.89,9.83,10.62,2.24,1.37,2.37,7.5
"542",2021-01-30,13,40656.67,1.17,10.49,10.59,3.15,3.14,3.61,7.77
"543",2021-01-30,14,40581.99,1.27,10.86,12.82,4.62,3.56,4.89,8.35
"544",2021-01-30,15,39742.94,1.97,11.47,13.98,3.79,3.56,1.43,8.75
"545",2021-01-30,16,39113.32,2.21,11.41,12.66,5.62,3.73,-0.34,9.04
"546",2021-01-30,17,38427.59,1.85,9.24,12.98,2.85,3.62,0.43,9.36
"547",2021-01-30,18,38903.61,1.68,7.91,12.37,2.13,2.21,0.29,9.33
"548",2021-01-30,19,38747.55,2.11,7,10.87,2.1,1.84,-0.02,9.36
"549",2021-01-30,20,37477.52,4.31,6.56,9.85,2.17,1.52,0.77,8.23
"550",2021-01-30,21,36559.67,5.07,6.69,9.29,1.75,1.66,0.88,7.63
"551",2021-01-30,22,36047.63,5.33,6.51,9.14,1.2,2.07,1.17,8.01
"552",2021-01-30,23,34822.85,4.56,6.71,8.48,1.39,1.76,1.56,8.33
"553",2021-01-31,0,-1,3.53,5.97,7.77,0.94,0.72,1.81,8.19
"554",2021-01-31,1,-1,2.22,6.31,6.4,1.62,1.15,1.92,7.86
"555",2021-01-31,2,-1,1.93,6.62,6.39,1.16,1.56,1.4,7.7
"556",2021-01-31,3,-1,1.06,6.56,6.42,0.61,1.79,1.02,7.9
"557",2021-01-31,4,-1,0.46,6.64,5.97,0.3,1.98,0.86,8.12
"558",2021-01-31,5,-1,-0.35,7.19,6.43,0.47,2.08,0.88,7.99
"559",2021-01-31,6,-1,-0.68,6.91,6.77,-0.1,2.07,0.78,7.96
"560",2021-01-31,7,-1,-0.75,6.5,6.68,-0.57,0.88,0.78,7.99
"561",2021-01-31,8,-1,-0.48,6.11,6.5,-0.57,0.3,0.64,7.96
"562",2021-01-31,9,-1,1.14,7.79,6.86,1.03,0.91,1.16,8.25
"563",2021-01-31,10,-1,3.2,9.9,8.89,2.49,2.86,1.9,8.82
"564",2021-01-31,11,-1,4.57,11.69,10.97,3.22,4.45,2.67,9.38
"565",2021-01-31,12,-1,5.15,13.09,12.65,3.95,6.08,3.23,10.19
"566",2021-01-31,13,-1,5.52,14.17,13.78,4.66,6.99,3.93,10.87
"567",2021-01-31,14,-1,5.75,14.88,14.4,5.26,7.93,4.65,11.15
"568",2021-01-31,15,-1,5.8,15.23,14.66,5.65,8.7,4.99,11.58
"569",2021-01-31,16,-1,5.44,14.97,14.66,5.76,8.74,5.18,12.15
"570",2021-01-31,17,-1,4.25,13.98,14.29,5.41,8.07,4.95,12.27
"571",2021-01-31,18,-1,1.86,11.22,12.88,3.38,5.89,3.5,11.93
"572",2021-01-31,19,-1,0.7,9.76,11.42,2.71,4.65,1.48,11.53
"573",2021-01-31,20,-1,0,8.71,10.85,2.76,4.01,1.32,11.39
"574",2021-01-31,21,-1,-0.07,8.17,10.82,2.74,3.38,1.66,11.16
"575",2021-01-31,22,-1,-0.66,7.94,10.9,2.47,3.21,1.8,10.92
"576",2021-01-31,23,-1,-0.65,7.73,10.98,2.45,3.17,1.65,10.73
"577",2021-02-01,0,-1,-1.04,8.15,10.92,2.1,3.21,1.59,10.68
"578",2021-02-01,1,-1,-1.09,8.91,10.67,1.58,2.87,1.46,10.54
"579",2021-02-01,2,-1,-1.34,9.09,10.68,1.35,2.81,1.3,10.49
"580",2021-02-01,3,-1,-1.36,9.03,10.99,1.1,2.62,1.01,10.36
"581",2021-02-01,4,-1,-1.11,9.11,11.03,0.99,2.6,0.87,10.16
"582",2021-02-01,5,-1,-0.87,9.15,10.93,0.86,2.66,0.86,10.17
"583",2021-02-01,6,-1,-0.62,9.17,10.57,0.83,2.68,0.86,10.16
"584",2021-02-01,7,-1,-0.33,9.21,10.67,0.88,2.75,0.92,9.97
"585",2021-02-01,8,-1,-0.03,7.95,10.88,0.86,2.73,0.8,9.81
"586",2021-02-01,9,-1,1.71,9.12,11.25,2.1,3.34,1.72,10.29
"587",2021-02-01,10,-1,3.7,10.24,12.23,3.92,4.85,3.16,11.27
"588",2021-02-01,11,-1,5.15,11.93,13.57,5.54,6.37,4.75,12.44
"589",2021-02-01,12,-1,6.04,13.62,14.48,6.55,8.65,6.21,13.22
"590",2021-02-01,13,-1,6.35,14.57,16.9,7.42,11,7.46,13.61
"591",2021-02-01,14,-1,6.67,15.17,17.66,8.31,12.08,8.35,13.9
"592",2021-02-01,15,-1,6.88,15.39,17.6,8.81,12.04,8.84,14.22
"593",2021-02-01,16,-1,6.71,14.8,17.26,8.7,11.74,9.01,14.21
"594",2021-02-01,17,-1,5.6,13.27,16.56,7.8,10.72,8.27,13.67
"595",2021-02-01,18,-1,2.43,10.72,15.73,5.67,9.32,6.37,12.84
"596",2021-02-01,19,-1,1.7,9.51,14.83,5.08,8.26,5.78,11.93
"597",2021-02-01,20,-1,1.53,9.12,15.05,4.75,7.64,5.06,11.5
"598",2021-02-01,21,-1,1.39,9.08,14.91,4.4,7.6,4.56,12.48
"599",2021-02-01,22,-1,1.28,8.78,14.11,4.19,7.39,4.1,12.12
"600",2021-02-01,23,-1,1.57,8.64,14.31,3.88,6.96,3.7,11.5
